#
# There is insufficient memory for the Java Runtime Environment to continue.
# Native memory allocation (malloc) failed to allocate 1739376 bytes. Error detail: Chunk::new
# Possible reasons:
#   The system is out of physical RAM or swap space
#   This process is running with CompressedOops enabled, and the Java Heap may be blocking the growth of the native heap
# Possible solutions:
#   Reduce memory load on the system
#   Increase physical memory or swap space
#   Check if swap backing store is full
#   Decrease Java heap size (-Xmx/-Xms)
#   Decrease number of Java threads
#   Decrease Java thread stack sizes (-Xss)
#   Set larger code cache with -XX:ReservedCodeCacheSize=
#   JVM is running with Unscaled Compressed Oops mode in which the Java heap is
#     placed in the first 4GB address space. The Java Heap base address is the
#     maximum limit for the native heap growth. Please use -XX:HeapBaseMinAddress
#     to set the Java Heap base and to place the Java Heap above 4GB virtual address.
# This output file may be truncated or incomplete.
#
#  Out of Memory Error (arena.cpp:168), pid=19072, tid=18560
#
# JRE version: OpenJDK Runtime Environment (21.0.9) (build 21.0.9+-14649483-b1163.86)
# Java VM: OpenJDK 64-Bit Server VM (21.0.9+-14649483-b1163.86, mixed mode, tiered, compressed oops, compressed class ptrs, g1 gc, windows-amd64)
# No core dump will be written. Minidumps are not enabled by default on client versions of Windows
#

---------------  S U M M A R Y ------------

Command Line: --add-opens=java.base/java.lang=ALL-UNNAMED --add-opens=java.base/java.lang.invoke=ALL-UNNAMED --add-opens=java.base/java.util=ALL-UNNAMED --add-opens=java.prefs/java.util.prefs=ALL-UNNAMED --add-exports=jdk.compiler/com.sun.tools.javac.api=ALL-UNNAMED --add-exports=jdk.compiler/com.sun.tools.javac.util=ALL-UNNAMED --add-opens=java.base/java.util=ALL-UNNAMED --add-opens=java.prefs/java.util.prefs=ALL-UNNAMED --add-opens=java.base/java.nio.charset=ALL-UNNAMED --add-opens=java.base/java.net=ALL-UNNAMED --add-opens=java.base/java.util.concurrent=ALL-UNNAMED --add-opens=java.base/java.util.concurrent.atomic=ALL-UNNAMED --add-opens=java.xml/javax.xml.namespace=ALL-UNNAMED --add-opens=java.base/java.time=ALL-UNNAMED -Xmx2048m -Dfile.encoding=UTF-8 -Duser.country=US -Duser.language=en -Duser.variant -javaagent:C:\Users\User\.gradle\wrapper\dists\gradle-9.2.1-bin\2t0n5ozlw9xmuyvbp7dnzaxug\gradle-9.2.1\lib\agents\gradle-instrumentation-agent-9.2.1.jar org.gradle.launcher.daemon.bootstrap.GradleDaemon 9.2.1

Host: AMD Ryzen 7 8845HS w/ Radeon 780M Graphics, 16 cores, 12G,  Windows 11 , 64 bit Build 26100 (10.0.26100.6725)
Time: Wed Feb 25 19:53:59 2026 SE Asia Standard Time elapsed time: 2473.827262 seconds (0d 0h 41m 13s)

---------------  T H R E A D  ---------------

Current thread (0x000001c313aebbf0):  JavaThread "C2 CompilerThread4" daemon [_thread_in_native, id=18560, stack(0x0000000f56b00000,0x0000000f56c00000) (1024K)]


Current CompileTask:
C2:2473827 38539       4       org.gradle.api.internal.artifacts.ModuleComponentSelectorSerializer::read (50 bytes)

Stack: [0x0000000f56b00000,0x0000000f56c00000]
Native frames: (J=compiled Java code, j=interpreted, Vv=VM code, C=native code)
V  [jvm.dll+0x6d6c99]
V  [jvm.dll+0x866b83]
V  [jvm.dll+0x86919e]
V  [jvm.dll+0x869883]
V  [jvm.dll+0x280776]
V  [jvm.dll+0xc07cd]
V  [jvm.dll+0xc0d03]
V  [jvm.dll+0x3b9831]
V  [jvm.dll+0x3856a7]
V  [jvm.dll+0x384b1a]
V  [jvm.dll+0x249462]
V  [jvm.dll+0x248a31]
V  [jvm.dll+0x1c7344]
V  [jvm.dll+0x2581ae]
V  [jvm.dll+0x2566f6]
V  [jvm.dll+0x3f48a6]
V  [jvm.dll+0x80f118]
V  [jvm.dll+0x6d54ed]
C  [ucrtbase.dll+0x37b0]
C  [KERNEL32.DLL+0x2e8d7]
C  [ntdll.dll+0x8c53c]


---------------  P R O C E S S  ---------------

Threads class SMR info:
_java_thread_list=0x000001c3748349f0, length=135, elements={
0x000001c354ee96a0, 0x000001c36d1ccf10, 0x000001c36d1d1ac0, 0x000001c36d1e3e10,
0x000001c36d1f5500, 0x000001c36d1f5f60, 0x000001c36d1f6af0, 0x000001c36d1f7550,
0x000001c36d1fc7f0, 0x000001c36d20d2a0, 0x000001c36d675660, 0x000001c373d520d0,
0x000001c374423030, 0x000001c373b35e40, 0x000001c373e4e4e0, 0x000001c373e4ff20,
0x000001c373e4f200, 0x000001c376356080, 0x000001c376353fb0, 0x000001c376353290,
0x000001c376353920, 0x000001c376352c00, 0x000001c376356da0, 0x000001c376358150,
0x000001c376359b90, 0x000001c3763587e0, 0x000001c376358e70, 0x000001c376357430,
0x000001c376357ac0, 0x000001c376359500, 0x000001c376356710, 0x000001c374405730,
0x000001c374404a10, 0x000001c374403cf0, 0x000001c374405dc0, 0x000001c374404380,
0x000001c37348a490, 0x000001c3039f8610, 0x000001c3039f8ca0, 0x000001c3039fa050,
0x000001c3039fb400, 0x000001c3152917f0, 0x000001c3066bb190, 0x000001c3066bbeb0,
0x000001c303baab40, 0x000001c3066bd260, 0x000001c3066be610, 0x000001c3066bcbd0,
0x000001c3066bc540, 0x000001c315335570, 0x000001c3066bd8f0, 0x000001c31724c710,
0x000001c31724d430, 0x000001c31724dac0, 0x000001c31724cda0, 0x000001c3153369e0,
0x000001c315656bb0, 0x000001c315de09c0, 0x000001c315ddf610, 0x000001c315ddfca0,
0x000001c315ddef80, 0x000001c315de0330, 0x000001c315de1050, 0x000001c315a362d0,
0x000001c315a35c40, 0x000001c315a334e0, 0x000001c315a33b70, 0x000001c3066bdf80,
0x000001c3152f2a70, 0x000001c3152f44b0, 0x000001c3152f3790, 0x000001c3152f3e20,
0x000001c3152f4b40, 0x000001c3152f23e0, 0x000001c3152f16c0, 0x000001c3152f1d50,
0x000001c3152f3100, 0x000001c315336310, 0x000001c313aeb520, 0x000001c313aebbf0,
0x000001c31387bc80, 0x000001c31387af60, 0x000001c3039fba90, 0x000001c316d56ab0,
0x000001c316d54350, 0x000001c316d549e0, 0x000001c316d55700, 0x000001c316d55070,
0x000001c316d55d90, 0x000001c316d56420, 0x000001c316d53cc0, 0x000001c316d53630,
0x000001c372c4ee90, 0x000001c372c4ba10, 0x000001c372c4c0a0, 0x000001c372c4c730,
0x000001c372c4cdc0, 0x000001c372c4d450, 0x000001c372c4dae0, 0x000001c372c4e170,
0x000001c372c4e800, 0x000001c304c93650, 0x000001c304c94a00, 0x000001c304c92fc0,
0x000001c304c95090, 0x000001c304c95720, 0x000001c304c93ce0, 0x000001c304c95db0,
0x000001c304c96440, 0x000001c304c94370, 0x000001c316ce5360, 0x000001c316ce7430,
0x000001c316ce59f0, 0x000001c316ce6080, 0x000001c316ce6da0, 0x000001c315de1d70,
0x000001c315de16e0, 0x000001c315de2400, 0x000001c31608ec60, 0x000001c31608f2f0,
0x000001c31608be70, 0x000001c31608c500, 0x000001c31608cb90, 0x000001c31608d220,
0x000001c31608d8b0, 0x000001c31608df40, 0x000001c31387c310, 0x000001c315292510,
0x000001c315290440, 0x000001c315292ba0, 0x000001c315a36960, 0x000001c31608e5d0,
0x000001c3161f2a70, 0x000001c3161f3e20, 0x000001c3161f51d0
}

Java Threads: ( => current thread )
  0x000001c354ee96a0 JavaThread "main"                              [_thread_blocked, id=19128, stack(0x0000000f50e00000,0x0000000f50f00000) (1024K)]
  0x000001c36d1ccf10 JavaThread "Common-Cleaner"             daemon [_thread_blocked, id=19160, stack(0x0000000f51600000,0x0000000f51700000) (1024K)]
  0x000001c36d1d1ac0 JavaThread "Reference Handler"          daemon [_thread_blocked, id=19164, stack(0x0000000f51700000,0x0000000f51800000) (1024K)]
  0x000001c36d1e3e10 JavaThread "Finalizer"                  daemon [_thread_blocked, id=19168, stack(0x0000000f51800000,0x0000000f51900000) (1024K)]
  0x000001c36d1f5500 JavaThread "Signal Dispatcher"          daemon [_thread_blocked, id=19172, stack(0x0000000f51900000,0x0000000f51a00000) (1024K)]
  0x000001c36d1f5f60 JavaThread "Attach Listener"            daemon [_thread_blocked, id=19176, stack(0x0000000f51a00000,0x0000000f51b00000) (1024K)]
  0x000001c36d1f6af0 JavaThread "Service Thread"             daemon [_thread_blocked, id=19180, stack(0x0000000f51b00000,0x0000000f51c00000) (1024K)]
  0x000001c36d1f7550 JavaThread "Monitor Deflation Thread"   daemon [_thread_blocked, id=19184, stack(0x0000000f51c00000,0x0000000f51d00000) (1024K)]
  0x000001c36d1fc7f0 JavaThread "C2 CompilerThread0"         daemon [_thread_blocked, id=19188, stack(0x0000000f51d00000,0x0000000f51e00000) (1024K)]
  0x000001c36d20d2a0 JavaThread "C1 CompilerThread0"         daemon [_thread_in_vm, id=19192, stack(0x0000000f51e00000,0x0000000f51f00000) (1024K)]
  0x000001c36d675660 JavaThread "Notification Thread"        daemon [_thread_blocked, id=19212, stack(0x0000000f52100000,0x0000000f52200000) (1024K)]
  0x000001c373d520d0 JavaThread "Daemon health stats"               [_thread_blocked, id=19280, stack(0x0000000f52900000,0x0000000f52a00000) (1024K)]
  0x000001c374423030 JavaThread "Incoming local TCP Connector on port 51810"        [_thread_in_native, id=19288, stack(0x0000000f52b00000,0x0000000f52c00000) (1024K)]
  0x000001c373b35e40 JavaThread "Daemon periodic checks"            [_thread_blocked, id=19292, stack(0x0000000f52c00000,0x0000000f52d00000) (1024K)]
  0x000001c373e4e4e0 JavaThread "Cache worker for journal cache (C:\Users\User\.gradle\caches\journal-1)"        [_thread_blocked, id=19360, stack(0x0000000f53d00000,0x0000000f53e00000) (1024K)]
  0x000001c373e4ff20 JavaThread "File lock request listener"        [_thread_in_native, id=19364, stack(0x0000000f53e00000,0x0000000f53f00000) (1024K)]
  0x000001c373e4f200 JavaThread "Cache worker for file hash cache (C:\Users\User\.gradle\caches\9.2.1\fileHashes)"        [_thread_blocked, id=19368, stack(0x0000000f53f00000,0x0000000f54000000) (1024K)]
  0x000001c376356080 JavaThread "File watcher server"        daemon [_thread_in_native, id=19388, stack(0x0000000f54300000,0x0000000f54400000) (1024K)]
  0x000001c376353fb0 JavaThread "File watcher consumer"      daemon [_thread_blocked, id=19392, stack(0x0000000f54400000,0x0000000f54500000) (1024K)]
  0x000001c376353290 JavaThread "jar transforms"                    [_thread_blocked, id=19396, stack(0x0000000f54000000,0x0000000f54100000) (1024K)]
  0x000001c376353920 JavaThread "jar transforms Thread 2"           [_thread_blocked, id=19400, stack(0x0000000f54500000,0x0000000f54600000) (1024K)]
  0x000001c376352c00 JavaThread "jar transforms Thread 3"           [_thread_blocked, id=19404, stack(0x0000000f54600000,0x0000000f54700000) (1024K)]
  0x000001c376356da0 JavaThread "jar transforms Thread 4"           [_thread_blocked, id=19408, stack(0x0000000f54700000,0x0000000f54800000) (1024K)]
  0x000001c376358150 JavaThread "jar transforms Thread 5"           [_thread_blocked, id=19412, stack(0x0000000f54800000,0x0000000f54900000) (1024K)]
  0x000001c376359b90 JavaThread "jar transforms Thread 6"           [_thread_blocked, id=19416, stack(0x0000000f54900000,0x0000000f54a00000) (1024K)]
  0x000001c3763587e0 JavaThread "jar transforms Thread 7"           [_thread_blocked, id=19420, stack(0x0000000f54a00000,0x0000000f54b00000) (1024K)]
  0x000001c376358e70 JavaThread "jar transforms Thread 8"           [_thread_blocked, id=19424, stack(0x0000000f54b00000,0x0000000f54c00000) (1024K)]
  0x000001c376357430 JavaThread "jar transforms Thread 9"           [_thread_blocked, id=19428, stack(0x0000000f54c00000,0x0000000f54d00000) (1024K)]
  0x000001c376357ac0 JavaThread "jar transforms Thread 10"          [_thread_blocked, id=19432, stack(0x0000000f54d00000,0x0000000f54e00000) (1024K)]
  0x000001c376359500 JavaThread "jar transforms Thread 11"          [_thread_blocked, id=19436, stack(0x0000000f54e00000,0x0000000f54f00000) (1024K)]
  0x000001c376356710 JavaThread "jar transforms Thread 12"          [_thread_blocked, id=19440, stack(0x0000000f54f00000,0x0000000f55000000) (1024K)]
  0x000001c374405730 JavaThread "jar transforms Thread 13"          [_thread_blocked, id=19444, stack(0x0000000f55000000,0x0000000f55100000) (1024K)]
  0x000001c374404a10 JavaThread "jar transforms Thread 14"          [_thread_blocked, id=19448, stack(0x0000000f55100000,0x0000000f55200000) (1024K)]
  0x000001c374403cf0 JavaThread "jar transforms Thread 15"          [_thread_blocked, id=19452, stack(0x0000000f55200000,0x0000000f55300000) (1024K)]
  0x000001c374405dc0 JavaThread "jar transforms Thread 16"          [_thread_blocked, id=18468, stack(0x0000000f55300000,0x0000000f55400000) (1024K)]
  0x000001c374404380 JavaThread "Cache worker for file content cache (C:\Users\User\.gradle\caches\9.2.1\fileContent)"        [_thread_blocked, id=13676, stack(0x0000000f52a00000,0x0000000f52b00000) (1024K)]
  0x000001c37348a490 JavaThread "Memory manager"                    [_thread_blocked, id=18920, stack(0x0000000f52700000,0x0000000f52800000) (1024K)]
  0x000001c3039f8610 JavaThread "RMI Scheduler(0)"           daemon [_thread_blocked, id=840, stack(0x0000000f60200000,0x0000000f60300000) (1024K)]
  0x000001c3039f8ca0 JavaThread "RMI GC Daemon"              daemon [_thread_blocked, id=10276, stack(0x0000000f61200000,0x0000000f61300000) (1024K)]
  0x000001c3039fa050 JavaThread "RMI TCP Accept-0"           daemon [_thread_in_native, id=20476, stack(0x0000000f61300000,0x0000000f61400000) (1024K)]
  0x000001c3039fb400 JavaThread "RMI Reaper"                        [_thread_blocked, id=4288, stack(0x0000000f61400000,0x0000000f61500000) (1024K)]
  0x000001c3152917f0 JavaThread "Daemon Thread 3"                   [_thread_blocked, id=1172, stack(0x0000000f50b00000,0x0000000f50c00000) (1024K)]
  0x000001c3066bb190 JavaThread "Handler for socket connection from /127.0.0.1:51810 to /127.0.0.1:50255"        [_thread_in_native, id=20980, stack(0x0000000f50c00000,0x0000000f50d00000) (1024K)]
  0x000001c3066bbeb0 JavaThread "Cancel handler"                    [_thread_blocked, id=19900, stack(0x0000000f50d00000,0x0000000f50e00000) (1024K)]
  0x000001c303baab40 JavaThread "C2 CompilerThread1"         daemon [_thread_blocked, id=20780, stack(0x0000000f51f00000,0x0000000f52000000) (1024K)]
  0x000001c3066bd260 JavaThread "Daemon worker Thread 3"            [_thread_blocked, id=19468, stack(0x0000000f52000000,0x0000000f52100000) (1024K)]
  0x000001c3066be610 JavaThread "Asynchronous log dispatcher for DefaultDaemonConnection: socket connection from /127.0.0.1:51810 to /127.0.0.1:50255"        [_thread_blocked, id=20920, stack(0x0000000f52200000,0x0000000f52300000) (1024K)]
  0x000001c3066bcbd0 JavaThread "Stdin handler"                     [_thread_blocked, id=20844, stack(0x0000000f52d00000,0x0000000f52e00000) (1024K)]
  0x000001c3066bc540 JavaThread "Daemon client event forwarder"        [_thread_in_vm, id=21292, stack(0x0000000f52e00000,0x0000000f52f00000) (1024K)]
  0x000001c315335570 JavaThread "C1 CompilerThread1"         daemon [_thread_in_vm, id=21116, stack(0x0000000f53800000,0x0000000f53900000) (1024K)]
  0x000001c3066bd8f0 JavaThread "Cache worker for file hash cache (D:\Project\Kotlin Compose\KelasPAMXML\.gradle\9.2.1\fileHashes)"        [_thread_blocked, id=18288, stack(0x0000000f53900000,0x0000000f53a00000) (1024K)]
  0x000001c31724c710 JavaThread "Cache worker for Build Output Cleanup Cache (D:\Project\Kotlin Compose\KelasPAMXML\.gradle\buildOutputCleanup)"        [_thread_blocked, id=6276, stack(0x0000000f53a00000,0x0000000f53b00000) (1024K)]
  0x000001c31724d430 JavaThread "Cache worker for checksums cache (D:\Project\Kotlin Compose\KelasPAMXML\.gradle\9.2.1\checksums)"        [_thread_blocked, id=3236, stack(0x0000000f53b00000,0x0000000f53c00000) (1024K)]
  0x000001c31724dac0 JavaThread "Cache worker for cache directory md-supplier (C:\Users\User\.gradle\caches\9.2.1\md-supplier)"        [_thread_blocked, id=248, stack(0x0000000f53c00000,0x0000000f53d00000) (1024K)]
  0x000001c31724cda0 JavaThread "Cache worker for cache directory md-rule (C:\Users\User\.gradle\caches\9.2.1\md-rule)"        [_thread_blocked, id=21268, stack(0x0000000f54100000,0x0000000f54200000) (1024K)]
  0x000001c3153369e0 JavaThread "C1 CompilerThread2"         daemon [_thread_in_vm, id=6240, stack(0x0000000f54200000,0x0000000f54300000) (1024K)]
  0x000001c315656bb0 JavaThread "C1 CompilerThread3"         daemon [_thread_in_vm, id=21164, stack(0x0000000f55400000,0x0000000f55500000) (1024K)]
  0x000001c315de09c0 JavaThread "Unconstrained build operations"        [_thread_blocked, id=13124, stack(0x0000000f55500000,0x0000000f55600000) (1024K)]
  0x000001c315ddf610 JavaThread "Unconstrained build operations Thread 2"        [_thread_blocked, id=21484, stack(0x0000000f55600000,0x0000000f55700000) (1024K)]
  0x000001c315ddfca0 JavaThread "Unconstrained build operations Thread 3"        [_thread_blocked, id=21136, stack(0x0000000f55700000,0x0000000f55800000) (1024K)]
  0x000001c315ddef80 JavaThread "Unconstrained build operations Thread 4"        [_thread_blocked, id=11012, stack(0x0000000f55800000,0x0000000f55900000) (1024K)]
  0x000001c315de0330 JavaThread "Unconstrained build operations Thread 5"        [_thread_blocked, id=19980, stack(0x0000000f55900000,0x0000000f55a00000) (1024K)]
  0x000001c315de1050 JavaThread "Unconstrained build operations Thread 6"        [_thread_blocked, id=4068, stack(0x0000000f55a00000,0x0000000f55b00000) (1024K)]
  0x000001c315a362d0 JavaThread "Unconstrained build operations Thread 7"        [_thread_blocked, id=20520, stack(0x0000000f55b00000,0x0000000f55c00000) (1024K)]
  0x000001c315a35c40 JavaThread "Unconstrained build operations Thread 8"        [_thread_blocked, id=18816, stack(0x0000000f55c00000,0x0000000f55d00000) (1024K)]
  0x000001c315a334e0 JavaThread "Unconstrained build operations Thread 9"        [_thread_blocked, id=20492, stack(0x0000000f55d00000,0x0000000f55e00000) (1024K)]
  0x000001c315a33b70 JavaThread "Unconstrained build operations Thread 10"        [_thread_blocked, id=20528, stack(0x0000000f55e00000,0x0000000f55f00000) (1024K)]
  0x000001c3066bdf80 JavaThread "Unconstrained build operations Thread 11"        [_thread_blocked, id=4264, stack(0x0000000f55f00000,0x0000000f56000000) (1024K)]
  0x000001c3152f2a70 JavaThread "Unconstrained build operations Thread 12"        [_thread_blocked, id=21236, stack(0x0000000f56000000,0x0000000f56100000) (1024K)]
  0x000001c3152f44b0 JavaThread "Unconstrained build operations Thread 13"        [_thread_blocked, id=19244, stack(0x0000000f56100000,0x0000000f56200000) (1024K)]
  0x000001c3152f3790 JavaThread "Unconstrained build operations Thread 14"        [_thread_blocked, id=20904, stack(0x0000000f56200000,0x0000000f56300000) (1024K)]
  0x000001c3152f3e20 JavaThread "Unconstrained build operations Thread 15"        [_thread_blocked, id=5388, stack(0x0000000f56300000,0x0000000f56400000) (1024K)]
  0x000001c3152f4b40 JavaThread "Unconstrained build operations Thread 16"        [_thread_blocked, id=20908, stack(0x0000000f56400000,0x0000000f56500000) (1024K)]
  0x000001c3152f23e0 JavaThread "Unconstrained build operations Thread 17"        [_thread_blocked, id=9004, stack(0x0000000f56500000,0x0000000f56600000) (1024K)]
  0x000001c3152f16c0 JavaThread "Unconstrained build operations Thread 18"        [_thread_blocked, id=8532, stack(0x0000000f56600000,0x0000000f56700000) (1024K)]
  0x000001c3152f1d50 JavaThread "Unconstrained build operations Thread 19"        [_thread_blocked, id=18440, stack(0x0000000f56700000,0x0000000f56800000) (1024K)]
  0x000001c3152f3100 JavaThread "Unconstrained build operations Thread 20"        [_thread_blocked, id=10648, stack(0x0000000f56800000,0x0000000f56900000) (1024K)]
  0x000001c315336310 JavaThread "C2 CompilerThread2"         daemon [_thread_in_native, id=20660, stack(0x0000000f56900000,0x0000000f56a00000) (1024K)]
  0x000001c313aeb520 JavaThread "C2 CompilerThread3"         daemon [_thread_blocked, id=3656, stack(0x0000000f56a00000,0x0000000f56b00000) (1024K)]
=>0x000001c313aebbf0 JavaThread "C2 CompilerThread4"         daemon [_thread_in_native, id=18560, stack(0x0000000f56b00000,0x0000000f56c00000) (1024K)]
  0x000001c31387bc80 JavaThread "Unconstrained build operations Thread 21"        [_thread_blocked, id=3084, stack(0x0000000f56c00000,0x0000000f56d00000) (1024K)]
  0x000001c31387af60 JavaThread "Unconstrained build operations Thread 22"        [_thread_blocked, id=18208, stack(0x0000000f56d00000,0x0000000f56e00000) (1024K)]
  0x000001c3039fba90 JavaThread "Unconstrained build operations Thread 23"        [_thread_blocked, id=4296, stack(0x0000000f56e00000,0x0000000f56f00000) (1024K)]
  0x000001c316d56ab0 JavaThread "Unconstrained build operations Thread 24"        [_thread_blocked, id=20876, stack(0x0000000f56f00000,0x0000000f57000000) (1024K)]
  0x000001c316d54350 JavaThread "Unconstrained build operations Thread 25"        [_thread_blocked, id=17796, stack(0x0000000f57000000,0x0000000f57100000) (1024K)]
  0x000001c316d549e0 JavaThread "Unconstrained build operations Thread 26"        [_thread_blocked, id=18292, stack(0x0000000f57100000,0x0000000f57200000) (1024K)]
  0x000001c316d55700 JavaThread "Unconstrained build operations Thread 27"        [_thread_blocked, id=20652, stack(0x0000000f57200000,0x0000000f57300000) (1024K)]
  0x000001c316d55070 JavaThread "Unconstrained build operations Thread 28"        [_thread_blocked, id=18520, stack(0x0000000f57300000,0x0000000f57400000) (1024K)]
  0x000001c316d55d90 JavaThread "Unconstrained build operations Thread 29"        [_thread_blocked, id=3208, stack(0x0000000f57400000,0x0000000f57500000) (1024K)]
  0x000001c316d56420 JavaThread "Unconstrained build operations Thread 30"        [_thread_blocked, id=8840, stack(0x0000000f57500000,0x0000000f57600000) (1024K)]
  0x000001c316d53cc0 JavaThread "Unconstrained build operations Thread 31"        [_thread_blocked, id=16264, stack(0x0000000f57600000,0x0000000f57700000) (1024K)]
  0x000001c316d53630 JavaThread "Unconstrained build operations Thread 32"        [_thread_blocked, id=2544, stack(0x0000000f57700000,0x0000000f57800000) (1024K)]
  0x000001c372c4ee90 JavaThread "Unconstrained build operations Thread 33"        [_thread_blocked, id=17908, stack(0x0000000f57800000,0x0000000f57900000) (1024K)]
  0x000001c372c4ba10 JavaThread "Unconstrained build operations Thread 34"        [_thread_blocked, id=4880, stack(0x0000000f57900000,0x0000000f57a00000) (1024K)]
  0x000001c372c4c0a0 JavaThread "Unconstrained build operations Thread 35"        [_thread_blocked, id=18752, stack(0x0000000f57a00000,0x0000000f57b00000) (1024K)]
  0x000001c372c4c730 JavaThread "Unconstrained build operations Thread 36"        [_thread_blocked, id=20484, stack(0x0000000f57b00000,0x0000000f57c00000) (1024K)]
  0x000001c372c4cdc0 JavaThread "Unconstrained build operations Thread 37"        [_thread_blocked, id=20276, stack(0x0000000f57c00000,0x0000000f57d00000) (1024K)]
  0x000001c372c4d450 JavaThread "Unconstrained build operations Thread 38"        [_thread_blocked, id=20808, stack(0x0000000f57d00000,0x0000000f57e00000) (1024K)]
  0x000001c372c4dae0 JavaThread "Unconstrained build operations Thread 39"        [_thread_blocked, id=3692, stack(0x0000000f57e00000,0x0000000f57f00000) (1024K)]
  0x000001c372c4e170 JavaThread "Unconstrained build operations Thread 40"        [_thread_blocked, id=21288, stack(0x0000000f57f00000,0x0000000f58000000) (1024K)]
  0x000001c372c4e800 JavaThread "Unconstrained build operations Thread 41"        [_thread_blocked, id=19488, stack(0x0000000f58000000,0x0000000f58100000) (1024K)]
  0x000001c304c93650 JavaThread "Unconstrained build operations Thread 42"        [_thread_blocked, id=3464, stack(0x0000000f58100000,0x0000000f58200000) (1024K)]
  0x000001c304c94a00 JavaThread "Unconstrained build operations Thread 43"        [_thread_blocked, id=18040, stack(0x0000000f58200000,0x0000000f58300000) (1024K)]
  0x000001c304c92fc0 JavaThread "Unconstrained build operations Thread 44"        [_thread_blocked, id=12096, stack(0x0000000f58300000,0x0000000f58400000) (1024K)]
  0x000001c304c95090 JavaThread "Unconstrained build operations Thread 45"        [_thread_blocked, id=18988, stack(0x0000000f58400000,0x0000000f58500000) (1024K)]
  0x000001c304c95720 JavaThread "Unconstrained build operations Thread 46"        [_thread_blocked, id=6764, stack(0x0000000f58500000,0x0000000f58600000) (1024K)]
  0x000001c304c93ce0 JavaThread "Unconstrained build operations Thread 47"        [_thread_blocked, id=18156, stack(0x0000000f58600000,0x0000000f58700000) (1024K)]
  0x000001c304c95db0 JavaThread "Unconstrained build operations Thread 48"        [_thread_blocked, id=21244, stack(0x0000000f58700000,0x0000000f58800000) (1024K)]
  0x000001c304c96440 JavaThread "Unconstrained build operations Thread 49"        [_thread_blocked, id=4124, stack(0x0000000f58800000,0x0000000f58900000) (1024K)]
  0x000001c304c94370 JavaThread "Unconstrained build operations Thread 50"        [_thread_blocked, id=16252, stack(0x0000000f58900000,0x0000000f58a00000) (1024K)]
  0x000001c316ce5360 JavaThread "Unconstrained build operations Thread 51"        [_thread_blocked, id=19740, stack(0x0000000f58a00000,0x0000000f58b00000) (1024K)]
  0x000001c316ce7430 JavaThread "Unconstrained build operations Thread 52"        [_thread_blocked, id=18884, stack(0x0000000f58b00000,0x0000000f58c00000) (1024K)]
  0x000001c316ce59f0 JavaThread "build event listener"              [_thread_blocked, id=3936, stack(0x0000000f58c00000,0x0000000f58d00000) (1024K)]
  0x000001c316ce6080 JavaThread "build event listener"              [_thread_in_vm, id=18316, stack(0x0000000f58d00000,0x0000000f58e00000) (1024K)]
  0x000001c316ce6da0 JavaThread "included builds"                   [_thread_blocked, id=3240, stack(0x0000000f58e00000,0x0000000f58f00000) (1024K)]
  0x000001c315de1d70 JavaThread "Execution worker"                  [_thread_in_vm, id=20960, stack(0x0000000f58f00000,0x0000000f59000000) (1024K)]
  0x000001c315de16e0 JavaThread "Execution worker Thread 2"         [_thread_blocked, id=11780, stack(0x0000000f59000000,0x0000000f59100000) (1024K)]
  0x000001c315de2400 JavaThread "Execution worker Thread 3"         [_thread_blocked, id=19532, stack(0x0000000f59100000,0x0000000f59200000) (1024K)]
  0x000001c31608ec60 JavaThread "Execution worker Thread 4"         [_thread_blocked, id=21448, stack(0x0000000f59200000,0x0000000f59300000) (1024K)]
  0x000001c31608f2f0 JavaThread "Execution worker Thread 5"         [_thread_blocked, id=10492, stack(0x0000000f59300000,0x0000000f59400000) (1024K)]
  0x000001c31608be70 JavaThread "Execution worker Thread 6"         [_thread_blocked, id=3304, stack(0x0000000f59400000,0x0000000f59500000) (1024K)]
  0x000001c31608c500 JavaThread "Execution worker Thread 7"         [_thread_blocked, id=20728, stack(0x0000000f59500000,0x0000000f59600000) (1024K)]
  0x000001c31608cb90 JavaThread "Execution worker Thread 8"         [_thread_blocked, id=17744, stack(0x0000000f59600000,0x0000000f59700000) (1024K)]
  0x000001c31608d220 JavaThread "Execution worker Thread 9"         [_thread_blocked, id=14596, stack(0x0000000f59700000,0x0000000f59800000) (1024K)]
  0x000001c31608d8b0 JavaThread "Execution worker Thread 10"        [_thread_blocked, id=20952, stack(0x0000000f59800000,0x0000000f59900000) (1024K)]
  0x000001c31608df40 JavaThread "Execution worker Thread 11"        [_thread_blocked, id=21200, stack(0x0000000f59900000,0x0000000f59a00000) (1024K)]
  0x000001c31387c310 JavaThread "Execution worker Thread 12"        [_thread_blocked, id=18000, stack(0x0000000f59a00000,0x0000000f59b00000) (1024K)]
  0x000001c315292510 JavaThread "Execution worker Thread 13"        [_thread_blocked, id=3300, stack(0x0000000f59b00000,0x0000000f59c00000) (1024K)]
  0x000001c315290440 JavaThread "Execution worker Thread 14"        [_thread_blocked, id=4472, stack(0x0000000f59c00000,0x0000000f59d00000) (1024K)]
  0x000001c315292ba0 JavaThread "Execution worker Thread 15"        [_thread_blocked, id=21104, stack(0x0000000f59d00000,0x0000000f59e00000) (1024K)]
  0x000001c315a36960 JavaThread "Cache worker for execution history cache (D:\Project\Kotlin Compose\KelasPAMXML\.gradle\9.2.1\executionHistory)"        [_thread_blocked, id=21220, stack(0x0000000f59e00000,0x0000000f59f00000) (1024K)]
  0x000001c31608e5d0 JavaThread "Unconstrained build operations Thread 53"        [_thread_blocked, id=20136, stack(0x0000000f59f00000,0x0000000f5a000000) (1024K)]
  0x000001c3161f2a70 JavaThread "Unconstrained build operations Thread 54"        [_thread_blocked, id=19776, stack(0x0000000f5a000000,0x0000000f5a100000) (1024K)]
  0x000001c3161f3e20 JavaThread "Unconstrained build operations Thread 55"        [_thread_blocked, id=1676, stack(0x0000000f5a100000,0x0000000f5a200000) (1024K)]
  0x000001c3161f51d0 JavaThread "Unconstrained build operations Thread 56"        [_thread_blocked, id=21020, stack(0x0000000f5a200000,0x0000000f5a300000) (1024K)]
Total: 135

Other Threads:
  0x000001c36d156180 VMThread "VM Thread"                           [id=19156, stack(0x0000000f51500000,0x0000000f51600000) (1024K)]
  0x000001c36d027be0 WatcherThread "VM Periodic Task Thread"        [id=19152, stack(0x0000000f51400000,0x0000000f51500000) (1024K)]
  0x000001c354f43570 WorkerThread "GC Thread#0"                     [id=19132, stack(0x0000000f50f00000,0x0000000f51000000) (1024K)]
  0x000001c372018450 WorkerThread "GC Thread#1"                     [id=19228, stack(0x0000000f52400000,0x0000000f52500000) (1024K)]
  0x000001c36d8951b0 WorkerThread "GC Thread#2"                     [id=19232, stack(0x0000000f52500000,0x0000000f52600000) (1024K)]
  0x000001c36d895550 WorkerThread "GC Thread#3"                     [id=19236, stack(0x0000000f52600000,0x0000000f52700000) (1024K)]
  0x000001c3727875e0 WorkerThread "GC Thread#4"                     [id=19260, stack(0x0000000f52800000,0x0000000f52900000) (1024K)]
  0x000001c373b7ecb0 WorkerThread "GC Thread#5"                     [id=19272, stack(0x0000000f52300000,0x0000000f52400000) (1024K)]
  0x000001c373e6e8f0 WorkerThread "GC Thread#6"                     [id=19304, stack(0x0000000f52f00000,0x0000000f53000000) (1024K)]
  0x000001c373e6e550 WorkerThread "GC Thread#7"                     [id=19308, stack(0x0000000f53000000,0x0000000f53100000) (1024K)]
  0x000001c373e6f770 WorkerThread "GC Thread#8"                     [id=19312, stack(0x0000000f53100000,0x0000000f53200000) (1024K)]
  0x000001c373e6ec90 WorkerThread "GC Thread#9"                     [id=19316, stack(0x0000000f53200000,0x0000000f53300000) (1024K)]
  0x000001c373e6f030 WorkerThread "GC Thread#10"                    [id=19320, stack(0x0000000f53300000,0x0000000f53400000) (1024K)]
  0x000001c373e6f3d0 WorkerThread "GC Thread#11"                    [id=19324, stack(0x0000000f53400000,0x0000000f53500000) (1024K)]
  0x000001c373e6fb10 WorkerThread "GC Thread#12"                    [id=19328, stack(0x0000000f53500000,0x0000000f53600000) (1024K)]
  0x000001c354f552a0 ConcurrentGCThread "G1 Main Marker"            [id=19136, stack(0x0000000f51000000,0x0000000f51100000) (1024K)]
  0x000001c354f56c60 WorkerThread "G1 Conc#0"                       [id=19140, stack(0x0000000f51100000,0x0000000f51200000) (1024K)]
  0x000001c373e6feb0 WorkerThread "G1 Conc#1"                       [id=19332, stack(0x0000000f53600000,0x0000000f53700000) (1024K)]
  0x000001c374220900 WorkerThread "G1 Conc#2"                       [id=19336, stack(0x0000000f53700000,0x0000000f53800000) (1024K)]
  0x000001c36cf522d0 ConcurrentGCThread "G1 Refine#0"               [id=19144, stack(0x0000000f51200000,0x0000000f51300000) (1024K)]
  0x000001c36cf53b00 ConcurrentGCThread "G1 Service"                [id=19148, stack(0x0000000f51300000,0x0000000f51400000) (1024K)]
Total: 21

Threads with active compile tasks:
C1 CompilerThread0  2473869 38616       3       org.gradle.internal.problems.failure.InternalStackTraceClassifier::classify (18 bytes)
C1 CompilerThread1  2473869 38618       3       org.gradle.internal.problems.failure.DefaultFailure::getStackTraceRelevance (14 bytes)
C1 CompilerThread2  2473869 38619       3       org.gradle.internal.problems.failure.FailurePrinter$Job::appendFrame (48 bytes)
C1 CompilerThread3  2473869 38617       3       org.gradle.internal.problems.failure.InternalStackTraceClassifier::isInternal (67 bytes)
C2 CompilerThread2  2473870 38511 % !   4       com.android.ide.common.resources.DataMerger::mergeData @ 247 (611 bytes)
C2 CompilerThread4  2473870 38539       4       org.gradle.api.internal.artifacts.ModuleComponentSelectorSerializer::read (50 bytes)
Total: 6

VM state: not at safepoint (normal execution)

VM Mutex/Monitor currently owned by a thread:  ([mutex/lock_event])
[0x00007ffc9d0c6490] Metaspace_lock - owner thread: 0x000001c315656bb0

OutOfMemory and StackOverflow Exception counts:
OutOfMemoryError java_heap_errors=1
LinkageErrors=501

Heap address: 0x0000000080000000, size: 2048 MB, Compressed Oops mode: 32-bit

CDS archive(s) not mapped
Compressed class space mapped at: 0x0000000100000000-0x0000000140000000, reserved size: 1073741824
Narrow klass base: 0x0000000000000000, Narrow klass shift: 3, Narrow klass range: 0x140000000

GC Precious Log:
 CardTable entry size: 512
 Card Set container configuration: InlinePtr #cards 5 size 8 Array Of Cards #cards 12 size 40 Howl #buckets 4 coarsen threshold 1843 Howl Bitmap #cards 512 size 80 coarsen threshold 460 Card regions per heap region 1 cards per card region 2048
 CPUs: 16 total, 16 available
 Memory: 13118M
 Large Page Support: Disabled
 NUMA Support: Disabled
 Compressed Oops: Enabled (32-bit)
 Heap Region Size: 1M
 Heap Min Capacity: 8M
 Heap Initial Capacity: 206M
 Heap Max Capacity: 2G
 Pre-touch: Disabled
 Parallel Workers: 13
 Concurrent Workers: 3
 Concurrent Refinement Workers: 13
 Periodic GC: Disabled

Heap:
 garbage-first heap   total 432128K, used 371023K [0x0000000080000000, 0x0000000100000000)
  region size 1024K, 154 young (157696K), 3 survivors (3072K)
 Metaspace       used 251660K, committed 253312K, reserved 1310720K
  class space    used 33609K, committed 34368K, reserved 1048576K

Heap Regions: E=young(eden), S=young(survivor), O=old, HS=humongous(starts), HC=humongous(continues), CS=collection set, F=free, TAMS=top-at-mark-start, PB=parsable bottom
|   0|0x0000000080000000, 0x0000000080100000, 0x0000000080100000|100%|HS|  |TAMS 0x0000000080000000| PB 0x0000000080000000| Complete 
|   1|0x0000000080100000, 0x0000000080200000, 0x0000000080200000|100%|HC|  |TAMS 0x0000000080100000| PB 0x0000000080100000| Complete 
|   2|0x0000000080200000, 0x0000000080300000, 0x0000000080300000|100%|HC|  |TAMS 0x0000000080200000| PB 0x0000000080200000| Complete 
|   3|0x0000000080300000, 0x0000000080400000, 0x0000000080400000|100%|HC|  |TAMS 0x0000000080300000| PB 0x0000000080300000| Complete 
|   4|0x0000000080400000, 0x0000000080500000, 0x0000000080500000|100%| O|  |TAMS 0x0000000080400000| PB 0x0000000080400000| Untracked 
|   5|0x0000000080500000, 0x0000000080600000, 0x0000000080600000|100%| O|  |TAMS 0x0000000080500000| PB 0x0000000080500000| Untracked 
|   6|0x0000000080600000, 0x0000000080700000, 0x0000000080700000|100%|HS|  |TAMS 0x0000000080600000| PB 0x0000000080600000| Complete 
|   7|0x0000000080700000, 0x0000000080800000, 0x0000000080800000|100%| O|  |TAMS 0x0000000080700000| PB 0x0000000080700000| Untracked 
|   8|0x0000000080800000, 0x0000000080900000, 0x0000000080900000|100%| O|  |TAMS 0x0000000080800000| PB 0x0000000080800000| Untracked 
|   9|0x0000000080900000, 0x0000000080a00000, 0x0000000080a00000|100%| O|  |TAMS 0x0000000080900000| PB 0x0000000080900000| Untracked 
|  10|0x0000000080a00000, 0x0000000080b00000, 0x0000000080b00000|100%| O|  |TAMS 0x0000000080a00000| PB 0x0000000080a00000| Untracked 
|  11|0x0000000080b00000, 0x0000000080c00000, 0x0000000080c00000|100%| O|  |TAMS 0x0000000080b00000| PB 0x0000000080b00000| Untracked 
|  12|0x0000000080c00000, 0x0000000080d00000, 0x0000000080d00000|100%| O|  |TAMS 0x0000000080c00000| PB 0x0000000080c00000| Untracked 
|  13|0x0000000080d00000, 0x0000000080e00000, 0x0000000080e00000|100%| O|  |TAMS 0x0000000080d00000| PB 0x0000000080d00000| Untracked 
|  14|0x0000000080e00000, 0x0000000080f00000, 0x0000000080f00000|100%| O|  |TAMS 0x0000000080e00000| PB 0x0000000080e00000| Untracked 
|  15|0x0000000080f00000, 0x0000000081000000, 0x0000000081000000|100%| O|  |TAMS 0x0000000080f00000| PB 0x0000000080f00000| Untracked 
|  16|0x0000000081000000, 0x0000000081100000, 0x0000000081100000|100%| O|  |TAMS 0x0000000081000000| PB 0x0000000081000000| Untracked 
|  17|0x0000000081100000, 0x0000000081200000, 0x0000000081200000|100%| O|  |TAMS 0x0000000081100000| PB 0x0000000081100000| Untracked 
|  18|0x0000000081200000, 0x0000000081300000, 0x0000000081300000|100%| O|  |TAMS 0x0000000081200000| PB 0x0000000081200000| Untracked 
|  19|0x0000000081300000, 0x0000000081400000, 0x0000000081400000|100%| O|  |TAMS 0x0000000081300000| PB 0x0000000081300000| Untracked 
|  20|0x0000000081400000, 0x0000000081500000, 0x0000000081500000|100%| O|  |TAMS 0x0000000081400000| PB 0x0000000081400000| Untracked 
|  21|0x0000000081500000, 0x0000000081600000, 0x0000000081600000|100%| O|  |TAMS 0x0000000081500000| PB 0x0000000081500000| Untracked 
|  22|0x0000000081600000, 0x0000000081700000, 0x0000000081700000|100%| O|  |TAMS 0x0000000081600000| PB 0x0000000081600000| Untracked 
|  23|0x0000000081700000, 0x0000000081800000, 0x0000000081800000|100%|HS|  |TAMS 0x0000000081700000| PB 0x0000000081700000| Complete 
|  24|0x0000000081800000, 0x0000000081900000, 0x0000000081900000|100%|HC|  |TAMS 0x0000000081800000| PB 0x0000000081800000| Complete 
|  25|0x0000000081900000, 0x0000000081a00000, 0x0000000081a00000|100%|HC|  |TAMS 0x0000000081900000| PB 0x0000000081900000| Complete 
|  26|0x0000000081a00000, 0x0000000081b00000, 0x0000000081b00000|100%|HC|  |TAMS 0x0000000081a00000| PB 0x0000000081a00000| Complete 
|  27|0x0000000081b00000, 0x0000000081c00000, 0x0000000081c00000|100%|HC|  |TAMS 0x0000000081b00000| PB 0x0000000081b00000| Complete 
|  28|0x0000000081c00000, 0x0000000081d00000, 0x0000000081d00000|100%|HC|  |TAMS 0x0000000081c00000| PB 0x0000000081c00000| Complete 
|  29|0x0000000081d00000, 0x0000000081e00000, 0x0000000081e00000|100%|HS|  |TAMS 0x0000000081d00000| PB 0x0000000081d00000| Complete 
|  30|0x0000000081e00000, 0x0000000081f00000, 0x0000000081f00000|100%|HC|  |TAMS 0x0000000081e00000| PB 0x0000000081e00000| Complete 
|  31|0x0000000081f00000, 0x0000000082000000, 0x0000000082000000|100%|HS|  |TAMS 0x0000000081f00000| PB 0x0000000081f00000| Complete 
|  32|0x0000000082000000, 0x0000000082100000, 0x0000000082100000|100%|HS|  |TAMS 0x0000000082000000| PB 0x0000000082000000| Complete 
|  33|0x0000000082100000, 0x0000000082200000, 0x0000000082200000|100%|HC|  |TAMS 0x0000000082100000| PB 0x0000000082100000| Complete 
|  34|0x0000000082200000, 0x0000000082300000, 0x0000000082300000|100%|HC|  |TAMS 0x0000000082200000| PB 0x0000000082200000| Complete 
|  35|0x0000000082300000, 0x0000000082400000, 0x0000000082400000|100%|HC|  |TAMS 0x0000000082300000| PB 0x0000000082300000| Complete 
|  36|0x0000000082400000, 0x0000000082500000, 0x0000000082500000|100%|HC|  |TAMS 0x0000000082400000| PB 0x0000000082400000| Complete 
|  37|0x0000000082500000, 0x0000000082600000, 0x0000000082600000|100%|HC|  |TAMS 0x0000000082500000| PB 0x0000000082500000| Complete 
|  38|0x0000000082600000, 0x0000000082700000, 0x0000000082700000|100%|HS|  |TAMS 0x0000000082600000| PB 0x0000000082600000| Complete 
|  39|0x0000000082700000, 0x0000000082800000, 0x0000000082800000|100%|HC|  |TAMS 0x0000000082700000| PB 0x0000000082700000| Complete 
|  40|0x0000000082800000, 0x0000000082900000, 0x0000000082900000|100%|HS|  |TAMS 0x0000000082800000| PB 0x0000000082800000| Complete 
|  41|0x0000000082900000, 0x0000000082a00000, 0x0000000082a00000|100%| O|  |TAMS 0x0000000082900000| PB 0x0000000082900000| Untracked 
|  42|0x0000000082a00000, 0x0000000082b00000, 0x0000000082b00000|100%| O|  |TAMS 0x0000000082a00000| PB 0x0000000082a00000| Untracked 
|  43|0x0000000082b00000, 0x0000000082c00000, 0x0000000082c00000|100%| O|  |TAMS 0x0000000082b00000| PB 0x0000000082b00000| Untracked 
|  44|0x0000000082c00000, 0x0000000082d00000, 0x0000000082d00000|100%| O|  |TAMS 0x0000000082c00000| PB 0x0000000082c00000| Untracked 
|  45|0x0000000082d00000, 0x0000000082e00000, 0x0000000082e00000|100%| O|  |TAMS 0x0000000082d00000| PB 0x0000000082d00000| Untracked 
|  46|0x0000000082e00000, 0x0000000082f00000, 0x0000000082f00000|100%| O|  |TAMS 0x0000000082e00000| PB 0x0000000082e00000| Untracked 
|  47|0x0000000082f00000, 0x0000000083000000, 0x0000000083000000|100%| O|  |TAMS 0x0000000082f00000| PB 0x0000000082f00000| Untracked 
|  48|0x0000000083000000, 0x0000000083100000, 0x0000000083100000|100%| O|  |TAMS 0x0000000083000000| PB 0x0000000083000000| Untracked 
|  49|0x0000000083100000, 0x0000000083200000, 0x0000000083200000|100%| O|  |TAMS 0x0000000083100000| PB 0x0000000083100000| Untracked 
|  50|0x0000000083200000, 0x0000000083300000, 0x0000000083300000|100%| O|  |TAMS 0x0000000083200000| PB 0x0000000083200000| Untracked 
|  51|0x0000000083300000, 0x0000000083400000, 0x0000000083400000|100%| O|  |TAMS 0x0000000083300000| PB 0x0000000083300000| Untracked 
|  52|0x0000000083400000, 0x0000000083500000, 0x0000000083500000|100%| O|Cm|TAMS 0x0000000083400000| PB 0x0000000083400000| Complete 
|  53|0x0000000083500000, 0x0000000083600000, 0x0000000083600000|100%| O|  |TAMS 0x0000000083500000| PB 0x0000000083500000| Untracked 
|  54|0x0000000083600000, 0x0000000083700000, 0x0000000083700000|100%| O|  |TAMS 0x0000000083600000| PB 0x0000000083600000| Untracked 
|  55|0x0000000083700000, 0x0000000083800000, 0x0000000083800000|100%|HS|  |TAMS 0x0000000083700000| PB 0x0000000083700000| Complete 
|  56|0x0000000083800000, 0x0000000083900000, 0x0000000083900000|100%|HC|  |TAMS 0x0000000083800000| PB 0x0000000083800000| Complete 
|  57|0x0000000083900000, 0x0000000083a00000, 0x0000000083a00000|100%| O|  |TAMS 0x0000000083900000| PB 0x0000000083900000| Untracked 
|  58|0x0000000083a00000, 0x0000000083b00000, 0x0000000083b00000|100%|HS|  |TAMS 0x0000000083a00000| PB 0x0000000083a00000| Complete 
|  59|0x0000000083b00000, 0x0000000083c00000, 0x0000000083c00000|100%| O|  |TAMS 0x0000000083b00000| PB 0x0000000083b00000| Untracked 
|  60|0x0000000083c00000, 0x0000000083d00000, 0x0000000083d00000|100%| O|  |TAMS 0x0000000083c00000| PB 0x0000000083c00000| Untracked 
|  61|0x0000000083d00000, 0x0000000083e00000, 0x0000000083e00000|100%| O|  |TAMS 0x0000000083d00000| PB 0x0000000083d00000| Untracked 
|  62|0x0000000083e00000, 0x0000000083f00000, 0x0000000083f00000|100%| O|  |TAMS 0x0000000083e00000| PB 0x0000000083e00000| Untracked 
|  63|0x0000000083f00000, 0x0000000084000000, 0x0000000084000000|100%| O|  |TAMS 0x0000000083f00000| PB 0x0000000083f00000| Untracked 
|  64|0x0000000084000000, 0x0000000084100000, 0x0000000084100000|100%| O|  |TAMS 0x0000000084000000| PB 0x0000000084000000| Untracked 
|  65|0x0000000084100000, 0x0000000084200000, 0x0000000084200000|100%| O|  |TAMS 0x0000000084100000| PB 0x0000000084100000| Untracked 
|  66|0x0000000084200000, 0x0000000084300000, 0x0000000084300000|100%| O|  |TAMS 0x0000000084200000| PB 0x0000000084200000| Untracked 
|  67|0x0000000084300000, 0x0000000084400000, 0x0000000084400000|100%| O|  |TAMS 0x0000000084300000| PB 0x0000000084300000| Untracked 
|  68|0x0000000084400000, 0x0000000084500000, 0x0000000084500000|100%| O|  |TAMS 0x0000000084400000| PB 0x0000000084400000| Untracked 
|  69|0x0000000084500000, 0x0000000084600000, 0x0000000084600000|100%| O|  |TAMS 0x0000000084500000| PB 0x0000000084500000| Untracked 
|  70|0x0000000084600000, 0x0000000084700000, 0x0000000084700000|100%|HS|  |TAMS 0x0000000084600000| PB 0x0000000084600000| Complete 
|  71|0x0000000084700000, 0x0000000084800000, 0x0000000084800000|100%| O|  |TAMS 0x0000000084700000| PB 0x0000000084700000| Untracked 
|  72|0x0000000084800000, 0x0000000084900000, 0x0000000084900000|100%| O|  |TAMS 0x0000000084800000| PB 0x0000000084800000| Untracked 
|  73|0x0000000084900000, 0x0000000084a00000, 0x0000000084a00000|100%|HS|  |TAMS 0x0000000084900000| PB 0x0000000084900000| Complete 
|  74|0x0000000084a00000, 0x0000000084b00000, 0x0000000084b00000|100%| O|Cm|TAMS 0x0000000084a00000| PB 0x0000000084a00000| Complete 
|  75|0x0000000084b00000, 0x0000000084c00000, 0x0000000084c00000|100%| O|  |TAMS 0x0000000084b00000| PB 0x0000000084b00000| Untracked 
|  76|0x0000000084c00000, 0x0000000084d00000, 0x0000000084d00000|100%| O|  |TAMS 0x0000000084c00000| PB 0x0000000084c00000| Untracked 
|  77|0x0000000084d00000, 0x0000000084e00000, 0x0000000084e00000|100%|HS|  |TAMS 0x0000000084d00000| PB 0x0000000084d00000| Complete 
|  78|0x0000000084e00000, 0x0000000084f00000, 0x0000000084f00000|100%| O|  |TAMS 0x0000000084e00000| PB 0x0000000084e00000| Untracked 
|  79|0x0000000084f00000, 0x0000000085000000, 0x0000000085000000|100%| O|  |TAMS 0x0000000084f00000| PB 0x0000000084f00000| Untracked 
|  80|0x0000000085000000, 0x0000000085100000, 0x0000000085100000|100%|HS|  |TAMS 0x0000000085000000| PB 0x0000000085000000| Complete 
|  81|0x0000000085100000, 0x0000000085200000, 0x0000000085200000|100%|HC|  |TAMS 0x0000000085100000| PB 0x0000000085100000| Complete 
|  82|0x0000000085200000, 0x0000000085300000, 0x0000000085300000|100%|HS|  |TAMS 0x0000000085200000| PB 0x0000000085200000| Complete 
|  83|0x0000000085300000, 0x0000000085400000, 0x0000000085400000|100%| O|  |TAMS 0x0000000085300000| PB 0x0000000085300000| Untracked 
|  84|0x0000000085400000, 0x0000000085500000, 0x0000000085500000|100%|HS|  |TAMS 0x0000000085400000| PB 0x0000000085400000| Complete 
|  85|0x0000000085500000, 0x0000000085600000, 0x0000000085600000|100%| O|  |TAMS 0x0000000085500000| PB 0x0000000085500000| Untracked 
|  86|0x0000000085600000, 0x0000000085700000, 0x0000000085700000|100%| O|  |TAMS 0x0000000085600000| PB 0x0000000085600000| Untracked 
|  87|0x0000000085700000, 0x0000000085800000, 0x0000000085800000|100%| O|  |TAMS 0x0000000085700000| PB 0x0000000085700000| Untracked 
|  88|0x0000000085800000, 0x0000000085900000, 0x0000000085900000|100%| O|  |TAMS 0x0000000085800000| PB 0x0000000085800000| Untracked 
|  89|0x0000000085900000, 0x0000000085a00000, 0x0000000085a00000|100%| O|  |TAMS 0x0000000085900000| PB 0x0000000085900000| Untracked 
|  90|0x0000000085a00000, 0x0000000085b00000, 0x0000000085b00000|100%| O|  |TAMS 0x0000000085a00000| PB 0x0000000085a00000| Untracked 
|  91|0x0000000085b00000, 0x0000000085c00000, 0x0000000085c00000|100%|HS|  |TAMS 0x0000000085b00000| PB 0x0000000085b00000| Complete 
|  92|0x0000000085c00000, 0x0000000085d00000, 0x0000000085d00000|100%|HC|  |TAMS 0x0000000085c00000| PB 0x0000000085c00000| Complete 
|  93|0x0000000085d00000, 0x0000000085e00000, 0x0000000085e00000|100%| O|  |TAMS 0x0000000085d00000| PB 0x0000000085d00000| Untracked 
|  94|0x0000000085e00000, 0x0000000085f00000, 0x0000000085f00000|100%| O|  |TAMS 0x0000000085e00000| PB 0x0000000085e00000| Untracked 
|  95|0x0000000085f00000, 0x0000000086000000, 0x0000000086000000|100%| O|  |TAMS 0x0000000085f00000| PB 0x0000000085f00000| Untracked 
|  96|0x0000000086000000, 0x0000000086100000, 0x0000000086100000|100%| O|  |TAMS 0x0000000086000000| PB 0x0000000086000000| Untracked 
|  97|0x0000000086100000, 0x0000000086200000, 0x0000000086200000|100%| O|  |TAMS 0x0000000086100000| PB 0x0000000086100000| Untracked 
|  98|0x0000000086200000, 0x0000000086300000, 0x0000000086300000|100%| O|  |TAMS 0x0000000086200000| PB 0x0000000086200000| Untracked 
|  99|0x0000000086300000, 0x0000000086400000, 0x0000000086400000|100%| O|  |TAMS 0x0000000086300000| PB 0x0000000086300000| Untracked 
| 100|0x0000000086400000, 0x0000000086500000, 0x0000000086500000|100%| O|  |TAMS 0x0000000086400000| PB 0x0000000086400000| Untracked 
| 101|0x0000000086500000, 0x0000000086600000, 0x0000000086600000|100%| O|  |TAMS 0x0000000086500000| PB 0x0000000086500000| Untracked 
| 102|0x0000000086600000, 0x0000000086700000, 0x0000000086700000|100%| O|  |TAMS 0x0000000086600000| PB 0x0000000086600000| Untracked 
| 103|0x0000000086700000, 0x0000000086800000, 0x0000000086800000|100%|HS|  |TAMS 0x0000000086700000| PB 0x0000000086700000| Complete 
| 104|0x0000000086800000, 0x0000000086900000, 0x0000000086900000|100%| O|  |TAMS 0x0000000086800000| PB 0x0000000086800000| Untracked 
| 105|0x0000000086900000, 0x0000000086a00000, 0x0000000086a00000|100%| O|  |TAMS 0x0000000086900000| PB 0x0000000086900000| Untracked 
| 106|0x0000000086a00000, 0x0000000086b00000, 0x0000000086b00000|100%| O|  |TAMS 0x0000000086a00000| PB 0x0000000086a00000| Untracked 
| 107|0x0000000086b00000, 0x0000000086c00000, 0x0000000086c00000|100%| O|  |TAMS 0x0000000086b00000| PB 0x0000000086b00000| Untracked 
| 108|0x0000000086c00000, 0x0000000086d00000, 0x0000000086d00000|100%| O|  |TAMS 0x0000000086c00000| PB 0x0000000086c00000| Untracked 
| 109|0x0000000086d00000, 0x0000000086e00000, 0x0000000086e00000|100%| O|  |TAMS 0x0000000086d00000| PB 0x0000000086d00000| Untracked 
| 110|0x0000000086e00000, 0x0000000086f00000, 0x0000000086f00000|100%| O|  |TAMS 0x0000000086e00000| PB 0x0000000086e00000| Untracked 
| 111|0x0000000086f00000, 0x0000000087000000, 0x0000000087000000|100%| O|  |TAMS 0x0000000086f00000| PB 0x0000000086f00000| Untracked 
| 112|0x0000000087000000, 0x0000000087100000, 0x0000000087100000|100%| O|  |TAMS 0x0000000087000000| PB 0x0000000087000000| Untracked 
| 113|0x0000000087100000, 0x0000000087200000, 0x0000000087200000|100%| O|  |TAMS 0x0000000087100000| PB 0x0000000087100000| Untracked 
| 114|0x0000000087200000, 0x0000000087300000, 0x0000000087300000|100%| O|  |TAMS 0x0000000087200000| PB 0x0000000087200000| Untracked 
| 115|0x0000000087300000, 0x0000000087400000, 0x0000000087400000|100%| O|  |TAMS 0x0000000087300000| PB 0x0000000087300000| Untracked 
| 116|0x0000000087400000, 0x0000000087500000, 0x0000000087500000|100%| O|Cm|TAMS 0x0000000087400000| PB 0x0000000087400000| Complete 
| 117|0x0000000087500000, 0x0000000087600000, 0x0000000087600000|100%| O|  |TAMS 0x0000000087500000| PB 0x0000000087500000| Untracked 
| 118|0x0000000087600000, 0x0000000087700000, 0x0000000087700000|100%| O|  |TAMS 0x0000000087600000| PB 0x0000000087600000| Untracked 
| 119|0x0000000087700000, 0x0000000087800000, 0x0000000087800000|100%| O|  |TAMS 0x0000000087700000| PB 0x0000000087700000| Untracked 
| 120|0x0000000087800000, 0x0000000087900000, 0x0000000087900000|100%| O|  |TAMS 0x0000000087800000| PB 0x0000000087800000| Untracked 
| 121|0x0000000087900000, 0x0000000087a00000, 0x0000000087a00000|100%| O|  |TAMS 0x0000000087900000| PB 0x0000000087900000| Untracked 
| 122|0x0000000087a00000, 0x0000000087b00000, 0x0000000087b00000|100%| O|  |TAMS 0x0000000087a00000| PB 0x0000000087a00000| Untracked 
| 123|0x0000000087b00000, 0x0000000087c00000, 0x0000000087c00000|100%| O|  |TAMS 0x0000000087b00000| PB 0x0000000087b00000| Untracked 
| 124|0x0000000087c00000, 0x0000000087d00000, 0x0000000087d00000|100%| O|Cm|TAMS 0x0000000087c00000| PB 0x0000000087c00000| Complete 
| 125|0x0000000087d00000, 0x0000000087e00000, 0x0000000087e00000|100%| O|  |TAMS 0x0000000087d00000| PB 0x0000000087d00000| Untracked 
| 126|0x0000000087e00000, 0x0000000087f00000, 0x0000000087f00000|100%| O|  |TAMS 0x0000000087e00000| PB 0x0000000087e00000| Untracked 
| 127|0x0000000087f00000, 0x0000000088000000, 0x0000000088000000|100%| O|  |TAMS 0x0000000087f00000| PB 0x0000000087f00000| Untracked 
| 128|0x0000000088000000, 0x0000000088100000, 0x0000000088100000|100%| O|  |TAMS 0x0000000088000000| PB 0x0000000088000000| Untracked 
| 129|0x0000000088100000, 0x0000000088200000, 0x0000000088200000|100%| O|  |TAMS 0x0000000088100000| PB 0x0000000088100000| Untracked 
| 130|0x0000000088200000, 0x0000000088300000, 0x0000000088300000|100%| O|  |TAMS 0x0000000088200000| PB 0x0000000088200000| Untracked 
| 131|0x0000000088300000, 0x0000000088300000, 0x0000000088400000|  0%| F|  |TAMS 0x0000000088300000| PB 0x0000000088300000| Untracked 
| 132|0x0000000088400000, 0x0000000088400000, 0x0000000088500000|  0%| F|  |TAMS 0x0000000088400000| PB 0x0000000088400000| Untracked 
| 133|0x0000000088500000, 0x0000000088600000, 0x0000000088600000|100%| O|  |TAMS 0x0000000088500000| PB 0x0000000088500000| Untracked 
| 134|0x0000000088600000, 0x0000000088600000, 0x0000000088700000|  0%| F|  |TAMS 0x0000000088600000| PB 0x0000000088600000| Untracked 
| 135|0x0000000088700000, 0x0000000088800000, 0x0000000088800000|100%| O|  |TAMS 0x0000000088700000| PB 0x0000000088700000| Untracked 
| 136|0x0000000088800000, 0x0000000088900000, 0x0000000088900000|100%| O|Cm|TAMS 0x0000000088800000| PB 0x0000000088800000| Complete 
| 137|0x0000000088900000, 0x0000000088900000, 0x0000000088a00000|  0%| F|  |TAMS 0x0000000088900000| PB 0x0000000088900000| Untracked 
| 138|0x0000000088a00000, 0x0000000088b00000, 0x0000000088b00000|100%| O|  |TAMS 0x0000000088a00000| PB 0x0000000088a00000| Untracked 
| 139|0x0000000088b00000, 0x0000000088b00000, 0x0000000088c00000|  0%| F|  |TAMS 0x0000000088b00000| PB 0x0000000088b00000| Untracked 
| 140|0x0000000088c00000, 0x0000000088c00000, 0x0000000088d00000|  0%| F|  |TAMS 0x0000000088c00000| PB 0x0000000088c00000| Untracked 
| 141|0x0000000088d00000, 0x0000000088e00000, 0x0000000088e00000|100%| O|  |TAMS 0x0000000088d00000| PB 0x0000000088d00000| Untracked 
| 142|0x0000000088e00000, 0x0000000088f00000, 0x0000000088f00000|100%| O|  |TAMS 0x0000000088e00000| PB 0x0000000088e00000| Untracked 
| 143|0x0000000088f00000, 0x0000000089000000, 0x0000000089000000|100%| O|  |TAMS 0x0000000088f00000| PB 0x0000000088f00000| Untracked 
| 144|0x0000000089000000, 0x0000000089100000, 0x0000000089100000|100%| O|  |TAMS 0x0000000089000000| PB 0x0000000089000000| Untracked 
| 145|0x0000000089100000, 0x0000000089200000, 0x0000000089200000|100%| O|  |TAMS 0x0000000089100000| PB 0x0000000089100000| Untracked 
| 146|0x0000000089200000, 0x0000000089300000, 0x0000000089300000|100%|HS|  |TAMS 0x0000000089200000| PB 0x0000000089200000| Complete 
| 147|0x0000000089300000, 0x0000000089400000, 0x0000000089400000|100%|HC|  |TAMS 0x0000000089300000| PB 0x0000000089300000| Complete 
| 148|0x0000000089400000, 0x0000000089500000, 0x0000000089500000|100%|HC|  |TAMS 0x0000000089400000| PB 0x0000000089400000| Complete 
| 149|0x0000000089500000, 0x0000000089600000, 0x0000000089600000|100%| O|  |TAMS 0x0000000089500000| PB 0x0000000089500000| Untracked 
| 150|0x0000000089600000, 0x0000000089700000, 0x0000000089700000|100%| O|  |TAMS 0x0000000089600000| PB 0x0000000089600000| Untracked 
| 151|0x0000000089700000, 0x0000000089800000, 0x0000000089800000|100%| O|  |TAMS 0x0000000089700000| PB 0x0000000089700000| Untracked 
| 152|0x0000000089800000, 0x0000000089900000, 0x0000000089900000|100%| O|  |TAMS 0x0000000089800000| PB 0x0000000089800000| Untracked 
| 153|0x0000000089900000, 0x0000000089a00000, 0x0000000089a00000|100%| O|  |TAMS 0x0000000089900000| PB 0x0000000089900000| Untracked 
| 154|0x0000000089a00000, 0x0000000089b00000, 0x0000000089b00000|100%| O|  |TAMS 0x0000000089a00000| PB 0x0000000089a00000| Untracked 
| 155|0x0000000089b00000, 0x0000000089c00000, 0x0000000089c00000|100%| O|  |TAMS 0x0000000089b00000| PB 0x0000000089b00000| Untracked 
| 156|0x0000000089c00000, 0x0000000089d00000, 0x0000000089d00000|100%| O|  |TAMS 0x0000000089c00000| PB 0x0000000089c00000| Untracked 
| 157|0x0000000089d00000, 0x0000000089e00000, 0x0000000089e00000|100%| O|  |TAMS 0x0000000089d00000| PB 0x0000000089d00000| Untracked 
| 158|0x0000000089e00000, 0x0000000089f00000, 0x0000000089f00000|100%| O|  |TAMS 0x0000000089e00000| PB 0x0000000089e00000| Untracked 
| 159|0x0000000089f00000, 0x000000008a000000, 0x000000008a000000|100%| O|  |TAMS 0x0000000089f00000| PB 0x0000000089f00000| Untracked 
| 160|0x000000008a000000, 0x000000008a100000, 0x000000008a100000|100%| O|  |TAMS 0x000000008a000000| PB 0x000000008a000000| Untracked 
| 161|0x000000008a100000, 0x000000008a200000, 0x000000008a200000|100%| O|  |TAMS 0x000000008a100000| PB 0x000000008a100000| Untracked 
| 162|0x000000008a200000, 0x000000008a300000, 0x000000008a300000|100%| O|  |TAMS 0x000000008a200000| PB 0x000000008a200000| Untracked 
| 163|0x000000008a300000, 0x000000008a300000, 0x000000008a400000|  0%| F|  |TAMS 0x000000008a300000| PB 0x000000008a300000| Untracked 
| 164|0x000000008a400000, 0x000000008a400000, 0x000000008a500000|  0%| F|  |TAMS 0x000000008a400000| PB 0x000000008a400000| Untracked 
| 165|0x000000008a500000, 0x000000008a600000, 0x000000008a600000|100%| O|  |TAMS 0x000000008a500000| PB 0x000000008a500000| Untracked 
| 166|0x000000008a600000, 0x000000008a700000, 0x000000008a700000|100%| O|  |TAMS 0x000000008a600000| PB 0x000000008a600000| Untracked 
| 167|0x000000008a700000, 0x000000008a800000, 0x000000008a800000|100%| O|  |TAMS 0x000000008a700000| PB 0x000000008a700000| Untracked 
| 168|0x000000008a800000, 0x000000008a800000, 0x000000008a900000|  0%| F|  |TAMS 0x000000008a800000| PB 0x000000008a800000| Untracked 
| 169|0x000000008a900000, 0x000000008aa00000, 0x000000008aa00000|100%| O|  |TAMS 0x000000008a900000| PB 0x000000008a900000| Untracked 
| 170|0x000000008aa00000, 0x000000008ab00000, 0x000000008ab00000|100%| O|  |TAMS 0x000000008aa00000| PB 0x000000008aa00000| Untracked 
| 171|0x000000008ab00000, 0x000000008ac00000, 0x000000008ac00000|100%| O|  |TAMS 0x000000008ab00000| PB 0x000000008ab00000| Untracked 
| 172|0x000000008ac00000, 0x000000008ad00000, 0x000000008ad00000|100%| O|  |TAMS 0x000000008ac00000| PB 0x000000008ac00000| Untracked 
| 173|0x000000008ad00000, 0x000000008ae00000, 0x000000008ae00000|100%| O|  |TAMS 0x000000008ad00000| PB 0x000000008ad00000| Untracked 
| 174|0x000000008ae00000, 0x000000008af00000, 0x000000008af00000|100%| O|  |TAMS 0x000000008ae00000| PB 0x000000008ae00000| Untracked 
| 175|0x000000008af00000, 0x000000008b000000, 0x000000008b000000|100%| O|  |TAMS 0x000000008af00000| PB 0x000000008af00000| Untracked 
| 176|0x000000008b000000, 0x000000008b100000, 0x000000008b100000|100%|HS|  |TAMS 0x000000008b000000| PB 0x000000008b000000| Complete 
| 177|0x000000008b100000, 0x000000008b200000, 0x000000008b200000|100%|HC|  |TAMS 0x000000008b100000| PB 0x000000008b100000| Complete 
| 178|0x000000008b200000, 0x000000008b300000, 0x000000008b300000|100%| O|  |TAMS 0x000000008b200000| PB 0x000000008b200000| Untracked 
| 179|0x000000008b300000, 0x000000008b300000, 0x000000008b400000|  0%| F|  |TAMS 0x000000008b300000| PB 0x000000008b300000| Untracked 
| 180|0x000000008b400000, 0x000000008b500000, 0x000000008b500000|100%| O|  |TAMS 0x000000008b400000| PB 0x000000008b400000| Untracked 
| 181|0x000000008b500000, 0x000000008b600000, 0x000000008b600000|100%| O|  |TAMS 0x000000008b500000| PB 0x000000008b500000| Untracked 
| 182|0x000000008b600000, 0x000000008b700000, 0x000000008b700000|100%| O|  |TAMS 0x000000008b600000| PB 0x000000008b600000| Untracked 
| 183|0x000000008b700000, 0x000000008b700000, 0x000000008b800000|  0%| F|  |TAMS 0x000000008b700000| PB 0x000000008b700000| Untracked 
| 184|0x000000008b800000, 0x000000008b800000, 0x000000008b900000|  0%| F|  |TAMS 0x000000008b800000| PB 0x000000008b800000| Untracked 
| 185|0x000000008b900000, 0x000000008ba00000, 0x000000008ba00000|100%| O|  |TAMS 0x000000008b900000| PB 0x000000008b900000| Untracked 
| 186|0x000000008ba00000, 0x000000008bb00000, 0x000000008bb00000|100%| O|  |TAMS 0x000000008ba00000| PB 0x000000008ba00000| Untracked 
| 187|0x000000008bb00000, 0x000000008bc00000, 0x000000008bc00000|100%| O|Cm|TAMS 0x000000008bb00000| PB 0x000000008bb00000| Complete 
| 188|0x000000008bc00000, 0x000000008bd00000, 0x000000008bd00000|100%| O|  |TAMS 0x000000008bc00000| PB 0x000000008bc00000| Untracked 
| 189|0x000000008bd00000, 0x000000008be00000, 0x000000008be00000|100%| O|  |TAMS 0x000000008bd00000| PB 0x000000008bd00000| Untracked 
| 190|0x000000008be00000, 0x000000008be00000, 0x000000008bf00000|  0%| F|  |TAMS 0x000000008be00000| PB 0x000000008be00000| Untracked 
| 191|0x000000008bf00000, 0x000000008bf00000, 0x000000008c000000|  0%| F|  |TAMS 0x000000008bf00000| PB 0x000000008bf00000| Untracked 
| 192|0x000000008c000000, 0x000000008c100000, 0x000000008c100000|100%| O|Cm|TAMS 0x000000008c000000| PB 0x000000008c000000| Complete 
| 193|0x000000008c100000, 0x000000008c100000, 0x000000008c200000|  0%| F|  |TAMS 0x000000008c100000| PB 0x000000008c100000| Untracked 
| 194|0x000000008c200000, 0x000000008c200000, 0x000000008c300000|  0%| F|  |TAMS 0x000000008c200000| PB 0x000000008c200000| Untracked 
| 195|0x000000008c300000, 0x000000008c300000, 0x000000008c400000|  0%| F|  |TAMS 0x000000008c300000| PB 0x000000008c300000| Untracked 
| 196|0x000000008c400000, 0x000000008c400000, 0x000000008c500000|  0%| F|  |TAMS 0x000000008c400000| PB 0x000000008c400000| Untracked 
| 197|0x000000008c500000, 0x000000008c500000, 0x000000008c600000|  0%| F|  |TAMS 0x000000008c500000| PB 0x000000008c500000| Untracked 
| 198|0x000000008c600000, 0x000000008c600000, 0x000000008c700000|  0%| F|  |TAMS 0x000000008c600000| PB 0x000000008c600000| Untracked 
| 199|0x000000008c700000, 0x000000008c700000, 0x000000008c800000|  0%| F|  |TAMS 0x000000008c700000| PB 0x000000008c700000| Untracked 
| 200|0x000000008c800000, 0x000000008c800000, 0x000000008c900000|  0%| F|  |TAMS 0x000000008c800000| PB 0x000000008c800000| Untracked 
| 201|0x000000008c900000, 0x000000008c900000, 0x000000008ca00000|  0%| F|  |TAMS 0x000000008c900000| PB 0x000000008c900000| Untracked 
| 202|0x000000008ca00000, 0x000000008ca00000, 0x000000008cb00000|  0%| F|  |TAMS 0x000000008ca00000| PB 0x000000008ca00000| Untracked 
| 203|0x000000008cb00000, 0x000000008cb00000, 0x000000008cc00000|  0%| F|  |TAMS 0x000000008cb00000| PB 0x000000008cb00000| Untracked 
| 204|0x000000008cc00000, 0x000000008cc00000, 0x000000008cd00000|  0%| F|  |TAMS 0x000000008cc00000| PB 0x000000008cc00000| Untracked 
| 205|0x000000008cd00000, 0x000000008cd00000, 0x000000008ce00000|  0%| F|  |TAMS 0x000000008cd00000| PB 0x000000008cd00000| Untracked 
| 206|0x000000008ce00000, 0x000000008cf00000, 0x000000008cf00000|100%| O|  |TAMS 0x000000008ce00000| PB 0x000000008ce00000| Untracked 
| 207|0x000000008cf00000, 0x000000008cf00000, 0x000000008d000000|  0%| F|  |TAMS 0x000000008cf00000| PB 0x000000008cf00000| Untracked 
| 208|0x000000008d000000, 0x000000008d000000, 0x000000008d100000|  0%| F|  |TAMS 0x000000008d000000| PB 0x000000008d000000| Untracked 
| 209|0x000000008d100000, 0x000000008d100000, 0x000000008d200000|  0%| F|  |TAMS 0x000000008d100000| PB 0x000000008d100000| Untracked 
| 210|0x000000008d200000, 0x000000008d200000, 0x000000008d300000|  0%| F|  |TAMS 0x000000008d200000| PB 0x000000008d200000| Untracked 
| 211|0x000000008d300000, 0x000000008d300000, 0x000000008d400000|  0%| F|  |TAMS 0x000000008d300000| PB 0x000000008d300000| Untracked 
| 212|0x000000008d400000, 0x000000008d400000, 0x000000008d500000|  0%| F|  |TAMS 0x000000008d400000| PB 0x000000008d400000| Untracked 
| 213|0x000000008d500000, 0x000000008d600000, 0x000000008d600000|100%| O|  |TAMS 0x000000008d500000| PB 0x000000008d500000| Untracked 
| 214|0x000000008d600000, 0x000000008d600000, 0x000000008d700000|  0%| F|  |TAMS 0x000000008d600000| PB 0x000000008d600000| Untracked 
| 215|0x000000008d700000, 0x000000008d800000, 0x000000008d800000|100%| O|  |TAMS 0x000000008d700000| PB 0x000000008d700000| Untracked 
| 216|0x000000008d800000, 0x000000008d900000, 0x000000008d900000|100%| O|  |TAMS 0x000000008d800000| PB 0x000000008d800000| Untracked 
| 217|0x000000008d900000, 0x000000008d900000, 0x000000008da00000|  0%| F|  |TAMS 0x000000008d900000| PB 0x000000008d900000| Untracked 
| 218|0x000000008da00000, 0x000000008db00000, 0x000000008db00000|100%| O|  |TAMS 0x000000008da00000| PB 0x000000008da00000| Untracked 
| 219|0x000000008db00000, 0x000000008db00000, 0x000000008dc00000|  0%| F|  |TAMS 0x000000008db00000| PB 0x000000008db00000| Untracked 
| 220|0x000000008dc00000, 0x000000008dc00000, 0x000000008dd00000|  0%| F|  |TAMS 0x000000008dc00000| PB 0x000000008dc00000| Untracked 
| 221|0x000000008dd00000, 0x000000008dd00000, 0x000000008de00000|  0%| F|  |TAMS 0x000000008dd00000| PB 0x000000008dd00000| Untracked 
| 222|0x000000008de00000, 0x000000008de00000, 0x000000008df00000|  0%| F|  |TAMS 0x000000008de00000| PB 0x000000008de00000| Untracked 
| 223|0x000000008df00000, 0x000000008df00000, 0x000000008e000000|  0%| F|  |TAMS 0x000000008df00000| PB 0x000000008df00000| Untracked 
| 224|0x000000008e000000, 0x000000008e000000, 0x000000008e100000|  0%| F|  |TAMS 0x000000008e000000| PB 0x000000008e000000| Untracked 
| 225|0x000000008e100000, 0x000000008e100000, 0x000000008e200000|  0%| F|  |TAMS 0x000000008e100000| PB 0x000000008e100000| Untracked 
| 226|0x000000008e200000, 0x000000008e200000, 0x000000008e300000|  0%| F|  |TAMS 0x000000008e200000| PB 0x000000008e200000| Untracked 
| 227|0x000000008e300000, 0x000000008e300000, 0x000000008e400000|  0%| F|  |TAMS 0x000000008e300000| PB 0x000000008e300000| Untracked 
| 228|0x000000008e400000, 0x000000008e400000, 0x000000008e500000|  0%| F|  |TAMS 0x000000008e400000| PB 0x000000008e400000| Untracked 
| 229|0x000000008e500000, 0x000000008e500000, 0x000000008e600000|  0%| F|  |TAMS 0x000000008e500000| PB 0x000000008e500000| Untracked 
| 230|0x000000008e600000, 0x000000008e600000, 0x000000008e700000|  0%| F|  |TAMS 0x000000008e600000| PB 0x000000008e600000| Untracked 
| 231|0x000000008e700000, 0x000000008e700000, 0x000000008e800000|  0%| F|  |TAMS 0x000000008e700000| PB 0x000000008e700000| Untracked 
| 232|0x000000008e800000, 0x000000008e800000, 0x000000008e900000|  0%| F|  |TAMS 0x000000008e800000| PB 0x000000008e800000| Untracked 
| 233|0x000000008e900000, 0x000000008e900000, 0x000000008ea00000|  0%| F|  |TAMS 0x000000008e900000| PB 0x000000008e900000| Untracked 
| 234|0x000000008ea00000, 0x000000008ea00000, 0x000000008eb00000|  0%| F|  |TAMS 0x000000008ea00000| PB 0x000000008ea00000| Untracked 
| 235|0x000000008eb00000, 0x000000008eb00000, 0x000000008ec00000|  0%| F|  |TAMS 0x000000008eb00000| PB 0x000000008eb00000| Untracked 
| 236|0x000000008ec00000, 0x000000008ec00000, 0x000000008ed00000|  0%| F|  |TAMS 0x000000008ec00000| PB 0x000000008ec00000| Untracked 
| 237|0x000000008ed00000, 0x000000008ed00000, 0x000000008ee00000|  0%| F|  |TAMS 0x000000008ed00000| PB 0x000000008ed00000| Untracked 
| 238|0x000000008ee00000, 0x000000008ee00000, 0x000000008ef00000|  0%| F|  |TAMS 0x000000008ee00000| PB 0x000000008ee00000| Untracked 
| 239|0x000000008ef00000, 0x000000008ef00000, 0x000000008f000000|  0%| F|  |TAMS 0x000000008ef00000| PB 0x000000008ef00000| Untracked 
| 240|0x000000008f000000, 0x000000008f000000, 0x000000008f100000|  0%| F|  |TAMS 0x000000008f000000| PB 0x000000008f000000| Untracked 
| 241|0x000000008f100000, 0x000000008f100000, 0x000000008f200000|  0%| F|  |TAMS 0x000000008f100000| PB 0x000000008f100000| Untracked 
| 242|0x000000008f200000, 0x000000008f228200, 0x000000008f300000| 15%| E|  |TAMS 0x000000008f200000| PB 0x000000008f200000| Complete 
| 243|0x000000008f300000, 0x000000008f400000, 0x000000008f400000|100%| E|CS|TAMS 0x000000008f300000| PB 0x000000008f300000| Complete 
| 244|0x000000008f400000, 0x000000008f500000, 0x000000008f500000|100%| E|CS|TAMS 0x000000008f400000| PB 0x000000008f400000| Complete 
| 245|0x000000008f500000, 0x000000008f600000, 0x000000008f600000|100%| E|CS|TAMS 0x000000008f500000| PB 0x000000008f500000| Complete 
| 246|0x000000008f600000, 0x000000008f700000, 0x000000008f700000|100%| E|CS|TAMS 0x000000008f600000| PB 0x000000008f600000| Complete 
| 247|0x000000008f700000, 0x000000008f800000, 0x000000008f800000|100%| E|CS|TAMS 0x000000008f700000| PB 0x000000008f700000| Complete 
| 248|0x000000008f800000, 0x000000008f900000, 0x000000008f900000|100%| E|CS|TAMS 0x000000008f800000| PB 0x000000008f800000| Complete 
| 249|0x000000008f900000, 0x000000008fa00000, 0x000000008fa00000|100%| E|CS|TAMS 0x000000008f900000| PB 0x000000008f900000| Complete 
| 250|0x000000008fa00000, 0x000000008fb00000, 0x000000008fb00000|100%| E|CS|TAMS 0x000000008fa00000| PB 0x000000008fa00000| Complete 
| 251|0x000000008fb00000, 0x000000008fc00000, 0x000000008fc00000|100%| E|CS|TAMS 0x000000008fb00000| PB 0x000000008fb00000| Complete 
| 252|0x000000008fc00000, 0x000000008fd00000, 0x000000008fd00000|100%| E|CS|TAMS 0x000000008fc00000| PB 0x000000008fc00000| Complete 
| 253|0x000000008fd00000, 0x000000008fe00000, 0x000000008fe00000|100%| E|CS|TAMS 0x000000008fd00000| PB 0x000000008fd00000| Complete 
| 254|0x000000008fe00000, 0x000000008ff00000, 0x000000008ff00000|100%| E|CS|TAMS 0x000000008fe00000| PB 0x000000008fe00000| Complete 
| 255|0x000000008ff00000, 0x0000000090000000, 0x0000000090000000|100%| E|CS|TAMS 0x000000008ff00000| PB 0x000000008ff00000| Complete 
| 256|0x0000000090000000, 0x0000000090100000, 0x0000000090100000|100%| E|CS|TAMS 0x0000000090000000| PB 0x0000000090000000| Complete 
| 257|0x0000000090100000, 0x0000000090200000, 0x0000000090200000|100%| E|CS|TAMS 0x0000000090100000| PB 0x0000000090100000| Complete 
| 258|0x0000000090200000, 0x0000000090300000, 0x0000000090300000|100%| E|CS|TAMS 0x0000000090200000| PB 0x0000000090200000| Complete 
| 259|0x0000000090300000, 0x0000000090400000, 0x0000000090400000|100%| E|CS|TAMS 0x0000000090300000| PB 0x0000000090300000| Complete 
| 260|0x0000000090400000, 0x0000000090500000, 0x0000000090500000|100%| E|CS|TAMS 0x0000000090400000| PB 0x0000000090400000| Complete 
| 261|0x0000000090500000, 0x0000000090600000, 0x0000000090600000|100%| E|CS|TAMS 0x0000000090500000| PB 0x0000000090500000| Complete 
| 262|0x0000000090600000, 0x0000000090700000, 0x0000000090700000|100%| E|CS|TAMS 0x0000000090600000| PB 0x0000000090600000| Complete 
| 263|0x0000000090700000, 0x0000000090800000, 0x0000000090800000|100%| E|CS|TAMS 0x0000000090700000| PB 0x0000000090700000| Complete 
| 264|0x0000000090800000, 0x0000000090900000, 0x0000000090900000|100%| E|CS|TAMS 0x0000000090800000| PB 0x0000000090800000| Complete 
| 265|0x0000000090900000, 0x0000000090a00000, 0x0000000090a00000|100%| E|CS|TAMS 0x0000000090900000| PB 0x0000000090900000| Complete 
| 266|0x0000000090a00000, 0x0000000090b00000, 0x0000000090b00000|100%| E|CS|TAMS 0x0000000090a00000| PB 0x0000000090a00000| Complete 
| 267|0x0000000090b00000, 0x0000000090c00000, 0x0000000090c00000|100%| E|CS|TAMS 0x0000000090b00000| PB 0x0000000090b00000| Complete 
| 268|0x0000000090c00000, 0x0000000090d00000, 0x0000000090d00000|100%| E|CS|TAMS 0x0000000090c00000| PB 0x0000000090c00000| Complete 
| 269|0x0000000090d00000, 0x0000000090e00000, 0x0000000090e00000|100%| E|CS|TAMS 0x0000000090d00000| PB 0x0000000090d00000| Complete 
| 270|0x0000000090e00000, 0x0000000090f00000, 0x0000000090f00000|100%| E|CS|TAMS 0x0000000090e00000| PB 0x0000000090e00000| Complete 
| 271|0x0000000090f00000, 0x0000000091000000, 0x0000000091000000|100%| E|CS|TAMS 0x0000000090f00000| PB 0x0000000090f00000| Complete 
| 272|0x0000000091000000, 0x0000000091100000, 0x0000000091100000|100%| E|CS|TAMS 0x0000000091000000| PB 0x0000000091000000| Complete 
| 273|0x0000000091100000, 0x0000000091200000, 0x0000000091200000|100%| E|CS|TAMS 0x0000000091100000| PB 0x0000000091100000| Complete 
| 274|0x0000000091200000, 0x0000000091300000, 0x0000000091300000|100%| E|CS|TAMS 0x0000000091200000| PB 0x0000000091200000| Complete 
| 275|0x0000000091300000, 0x0000000091400000, 0x0000000091400000|100%| E|CS|TAMS 0x0000000091300000| PB 0x0000000091300000| Complete 
| 276|0x0000000091400000, 0x0000000091500000, 0x0000000091500000|100%| E|CS|TAMS 0x0000000091400000| PB 0x0000000091400000| Complete 
| 277|0x0000000091500000, 0x0000000091600000, 0x0000000091600000|100%| E|CS|TAMS 0x0000000091500000| PB 0x0000000091500000| Complete 
| 278|0x0000000091600000, 0x0000000091700000, 0x0000000091700000|100%| E|CS|TAMS 0x0000000091600000| PB 0x0000000091600000| Complete 
| 279|0x0000000091700000, 0x0000000091800000, 0x0000000091800000|100%| E|CS|TAMS 0x0000000091700000| PB 0x0000000091700000| Complete 
| 280|0x0000000091800000, 0x0000000091900000, 0x0000000091900000|100%| E|CS|TAMS 0x0000000091800000| PB 0x0000000091800000| Complete 
| 281|0x0000000091900000, 0x0000000091a00000, 0x0000000091a00000|100%| E|CS|TAMS 0x0000000091900000| PB 0x0000000091900000| Complete 
| 282|0x0000000091a00000, 0x0000000091b00000, 0x0000000091b00000|100%| E|CS|TAMS 0x0000000091a00000| PB 0x0000000091a00000| Complete 
| 283|0x0000000091b00000, 0x0000000091c00000, 0x0000000091c00000|100%| E|CS|TAMS 0x0000000091b00000| PB 0x0000000091b00000| Complete 
| 284|0x0000000091c00000, 0x0000000091d00000, 0x0000000091d00000|100%| E|CS|TAMS 0x0000000091c00000| PB 0x0000000091c00000| Complete 
| 285|0x0000000091d00000, 0x0000000091e00000, 0x0000000091e00000|100%| E|CS|TAMS 0x0000000091d00000| PB 0x0000000091d00000| Complete 
| 286|0x0000000091e00000, 0x0000000091f00000, 0x0000000091f00000|100%| E|CS|TAMS 0x0000000091e00000| PB 0x0000000091e00000| Complete 
| 287|0x0000000091f00000, 0x0000000092000000, 0x0000000092000000|100%| E|CS|TAMS 0x0000000091f00000| PB 0x0000000091f00000| Complete 
| 288|0x0000000092000000, 0x0000000092100000, 0x0000000092100000|100%| E|CS|TAMS 0x0000000092000000| PB 0x0000000092000000| Complete 
| 289|0x0000000092100000, 0x0000000092200000, 0x0000000092200000|100%| E|CS|TAMS 0x0000000092100000| PB 0x0000000092100000| Complete 
| 290|0x0000000092200000, 0x0000000092300000, 0x0000000092300000|100%| E|CS|TAMS 0x0000000092200000| PB 0x0000000092200000| Complete 
| 291|0x0000000092300000, 0x0000000092400000, 0x0000000092400000|100%| E|CS|TAMS 0x0000000092300000| PB 0x0000000092300000| Complete 
| 292|0x0000000092400000, 0x0000000092500000, 0x0000000092500000|100%| E|CS|TAMS 0x0000000092400000| PB 0x0000000092400000| Complete 
| 293|0x0000000092500000, 0x0000000092600000, 0x0000000092600000|100%| E|CS|TAMS 0x0000000092500000| PB 0x0000000092500000| Complete 
| 294|0x0000000092600000, 0x0000000092700000, 0x0000000092700000|100%| E|CS|TAMS 0x0000000092600000| PB 0x0000000092600000| Complete 
| 295|0x0000000092700000, 0x0000000092800000, 0x0000000092800000|100%| E|CS|TAMS 0x0000000092700000| PB 0x0000000092700000| Complete 
| 296|0x0000000092800000, 0x0000000092900000, 0x0000000092900000|100%| E|CS|TAMS 0x0000000092800000| PB 0x0000000092800000| Complete 
| 297|0x0000000092900000, 0x0000000092a00000, 0x0000000092a00000|100%| E|CS|TAMS 0x0000000092900000| PB 0x0000000092900000| Complete 
| 298|0x0000000092a00000, 0x0000000092b00000, 0x0000000092b00000|100%| E|CS|TAMS 0x0000000092a00000| PB 0x0000000092a00000| Complete 
| 299|0x0000000092b00000, 0x0000000092c00000, 0x0000000092c00000|100%| E|CS|TAMS 0x0000000092b00000| PB 0x0000000092b00000| Complete 
| 300|0x0000000092c00000, 0x0000000092d00000, 0x0000000092d00000|100%| E|CS|TAMS 0x0000000092c00000| PB 0x0000000092c00000| Complete 
| 301|0x0000000092d00000, 0x0000000092e00000, 0x0000000092e00000|100%| E|CS|TAMS 0x0000000092d00000| PB 0x0000000092d00000| Complete 
| 302|0x0000000092e00000, 0x0000000092f00000, 0x0000000092f00000|100%| E|CS|TAMS 0x0000000092e00000| PB 0x0000000092e00000| Complete 
| 303|0x0000000092f00000, 0x0000000093000000, 0x0000000093000000|100%| E|CS|TAMS 0x0000000092f00000| PB 0x0000000092f00000| Complete 
| 304|0x0000000093000000, 0x0000000093100000, 0x0000000093100000|100%| E|CS|TAMS 0x0000000093000000| PB 0x0000000093000000| Complete 
| 305|0x0000000093100000, 0x0000000093200000, 0x0000000093200000|100%| E|CS|TAMS 0x0000000093100000| PB 0x0000000093100000| Complete 
| 306|0x0000000093200000, 0x0000000093300000, 0x0000000093300000|100%| E|CS|TAMS 0x0000000093200000| PB 0x0000000093200000| Complete 
| 307|0x0000000093300000, 0x0000000093400000, 0x0000000093400000|100%| E|CS|TAMS 0x0000000093300000| PB 0x0000000093300000| Complete 
| 308|0x0000000093400000, 0x0000000093500000, 0x0000000093500000|100%| E|CS|TAMS 0x0000000093400000| PB 0x0000000093400000| Complete 
| 309|0x0000000093500000, 0x0000000093600000, 0x0000000093600000|100%| E|CS|TAMS 0x0000000093500000| PB 0x0000000093500000| Complete 
| 310|0x0000000093600000, 0x0000000093700000, 0x0000000093700000|100%| E|CS|TAMS 0x0000000093600000| PB 0x0000000093600000| Complete 
| 311|0x0000000093700000, 0x0000000093800000, 0x0000000093800000|100%| E|CS|TAMS 0x0000000093700000| PB 0x0000000093700000| Complete 
| 312|0x0000000093800000, 0x0000000093900000, 0x0000000093900000|100%| E|CS|TAMS 0x0000000093800000| PB 0x0000000093800000| Complete 
| 313|0x0000000093900000, 0x0000000093a00000, 0x0000000093a00000|100%| E|CS|TAMS 0x0000000093900000| PB 0x0000000093900000| Complete 
| 314|0x0000000093a00000, 0x0000000093b00000, 0x0000000093b00000|100%| E|CS|TAMS 0x0000000093a00000| PB 0x0000000093a00000| Complete 
| 315|0x0000000093b00000, 0x0000000093c00000, 0x0000000093c00000|100%| E|CS|TAMS 0x0000000093b00000| PB 0x0000000093b00000| Complete 
| 316|0x0000000093c00000, 0x0000000093d00000, 0x0000000093d00000|100%| E|CS|TAMS 0x0000000093c00000| PB 0x0000000093c00000| Complete 
| 317|0x0000000093d00000, 0x0000000093e00000, 0x0000000093e00000|100%| E|CS|TAMS 0x0000000093d00000| PB 0x0000000093d00000| Complete 
| 318|0x0000000093e00000, 0x0000000093f00000, 0x0000000093f00000|100%| E|CS|TAMS 0x0000000093e00000| PB 0x0000000093e00000| Complete 
| 319|0x0000000093f00000, 0x0000000094000000, 0x0000000094000000|100%| E|CS|TAMS 0x0000000093f00000| PB 0x0000000093f00000| Complete 
| 320|0x0000000094000000, 0x0000000094100000, 0x0000000094100000|100%| E|CS|TAMS 0x0000000094000000| PB 0x0000000094000000| Complete 
| 321|0x0000000094100000, 0x0000000094200000, 0x0000000094200000|100%| E|CS|TAMS 0x0000000094100000| PB 0x0000000094100000| Complete 
| 322|0x0000000094200000, 0x0000000094300000, 0x0000000094300000|100%| E|CS|TAMS 0x0000000094200000| PB 0x0000000094200000| Complete 
| 323|0x0000000094300000, 0x0000000094400000, 0x0000000094400000|100%| E|CS|TAMS 0x0000000094300000| PB 0x0000000094300000| Complete 
| 324|0x0000000094400000, 0x0000000094500000, 0x0000000094500000|100%| E|CS|TAMS 0x0000000094400000| PB 0x0000000094400000| Complete 
| 325|0x0000000094500000, 0x0000000094600000, 0x0000000094600000|100%| E|CS|TAMS 0x0000000094500000| PB 0x0000000094500000| Complete 
| 326|0x0000000094600000, 0x0000000094700000, 0x0000000094700000|100%| E|CS|TAMS 0x0000000094600000| PB 0x0000000094600000| Complete 
| 327|0x0000000094700000, 0x0000000094800000, 0x0000000094800000|100%| E|CS|TAMS 0x0000000094700000| PB 0x0000000094700000| Complete 
| 328|0x0000000094800000, 0x0000000094900000, 0x0000000094900000|100%| E|CS|TAMS 0x0000000094800000| PB 0x0000000094800000| Complete 
| 329|0x0000000094900000, 0x0000000094a00000, 0x0000000094a00000|100%| E|CS|TAMS 0x0000000094900000| PB 0x0000000094900000| Complete 
| 330|0x0000000094a00000, 0x0000000094b00000, 0x0000000094b00000|100%| E|CS|TAMS 0x0000000094a00000| PB 0x0000000094a00000| Complete 
| 331|0x0000000094b00000, 0x0000000094c00000, 0x0000000094c00000|100%| E|CS|TAMS 0x0000000094b00000| PB 0x0000000094b00000| Complete 
| 332|0x0000000094c00000, 0x0000000094d00000, 0x0000000094d00000|100%| E|CS|TAMS 0x0000000094c00000| PB 0x0000000094c00000| Complete 
| 333|0x0000000094d00000, 0x0000000094e00000, 0x0000000094e00000|100%| E|CS|TAMS 0x0000000094d00000| PB 0x0000000094d00000| Complete 
| 334|0x0000000094e00000, 0x0000000094f00000, 0x0000000094f00000|100%| E|CS|TAMS 0x0000000094e00000| PB 0x0000000094e00000| Complete 
| 335|0x0000000094f00000, 0x0000000095000000, 0x0000000095000000|100%| E|CS|TAMS 0x0000000094f00000| PB 0x0000000094f00000| Complete 
| 336|0x0000000095000000, 0x0000000095100000, 0x0000000095100000|100%| E|CS|TAMS 0x0000000095000000| PB 0x0000000095000000| Complete 
| 337|0x0000000095100000, 0x0000000095200000, 0x0000000095200000|100%| E|CS|TAMS 0x0000000095100000| PB 0x0000000095100000| Complete 
| 338|0x0000000095200000, 0x0000000095300000, 0x0000000095300000|100%| E|CS|TAMS 0x0000000095200000| PB 0x0000000095200000| Complete 
| 339|0x0000000095300000, 0x0000000095400000, 0x0000000095400000|100%| E|CS|TAMS 0x0000000095300000| PB 0x0000000095300000| Complete 
| 340|0x0000000095400000, 0x0000000095500000, 0x0000000095500000|100%| E|CS|TAMS 0x0000000095400000| PB 0x0000000095400000| Complete 
| 341|0x0000000095500000, 0x0000000095600000, 0x0000000095600000|100%| E|CS|TAMS 0x0000000095500000| PB 0x0000000095500000| Complete 
| 342|0x0000000095600000, 0x0000000095700000, 0x0000000095700000|100%| E|CS|TAMS 0x0000000095600000| PB 0x0000000095600000| Complete 
| 343|0x0000000095700000, 0x0000000095800000, 0x0000000095800000|100%| E|CS|TAMS 0x0000000095700000| PB 0x0000000095700000| Complete 
| 344|0x0000000095800000, 0x0000000095900000, 0x0000000095900000|100%| E|CS|TAMS 0x0000000095800000| PB 0x0000000095800000| Complete 
| 345|0x0000000095900000, 0x0000000095a00000, 0x0000000095a00000|100%| E|CS|TAMS 0x0000000095900000| PB 0x0000000095900000| Complete 
| 346|0x0000000095a00000, 0x0000000095b00000, 0x0000000095b00000|100%| E|CS|TAMS 0x0000000095a00000| PB 0x0000000095a00000| Complete 
| 347|0x0000000095b00000, 0x0000000095c00000, 0x0000000095c00000|100%| E|CS|TAMS 0x0000000095b00000| PB 0x0000000095b00000| Complete 
| 348|0x0000000095c00000, 0x0000000095d00000, 0x0000000095d00000|100%| E|CS|TAMS 0x0000000095c00000| PB 0x0000000095c00000| Complete 
| 349|0x0000000095d00000, 0x0000000095e00000, 0x0000000095e00000|100%| E|CS|TAMS 0x0000000095d00000| PB 0x0000000095d00000| Complete 
| 350|0x0000000095e00000, 0x0000000095f00000, 0x0000000095f00000|100%| E|CS|TAMS 0x0000000095e00000| PB 0x0000000095e00000| Complete 
| 351|0x0000000095f00000, 0x0000000096000000, 0x0000000096000000|100%| E|CS|TAMS 0x0000000095f00000| PB 0x0000000095f00000| Complete 
| 352|0x0000000096000000, 0x0000000096100000, 0x0000000096100000|100%| E|CS|TAMS 0x0000000096000000| PB 0x0000000096000000| Complete 
| 353|0x0000000096100000, 0x0000000096200000, 0x0000000096200000|100%| E|CS|TAMS 0x0000000096100000| PB 0x0000000096100000| Complete 
| 354|0x0000000096200000, 0x0000000096300000, 0x0000000096300000|100%| E|CS|TAMS 0x0000000096200000| PB 0x0000000096200000| Complete 
| 355|0x0000000096300000, 0x0000000096400000, 0x0000000096400000|100%| E|CS|TAMS 0x0000000096300000| PB 0x0000000096300000| Complete 
| 356|0x0000000096400000, 0x0000000096500000, 0x0000000096500000|100%| E|CS|TAMS 0x0000000096400000| PB 0x0000000096400000| Complete 
| 357|0x0000000096500000, 0x0000000096600000, 0x0000000096600000|100%| E|CS|TAMS 0x0000000096500000| PB 0x0000000096500000| Complete 
| 358|0x0000000096600000, 0x0000000096700000, 0x0000000096700000|100%| E|CS|TAMS 0x0000000096600000| PB 0x0000000096600000| Complete 
| 359|0x0000000096700000, 0x0000000096800000, 0x0000000096800000|100%| E|CS|TAMS 0x0000000096700000| PB 0x0000000096700000| Complete 
| 360|0x0000000096800000, 0x0000000096900000, 0x0000000096900000|100%| E|CS|TAMS 0x0000000096800000| PB 0x0000000096800000| Complete 
| 361|0x0000000096900000, 0x0000000096a00000, 0x0000000096a00000|100%| S|CS|TAMS 0x0000000096900000| PB 0x0000000096900000| Complete 
| 362|0x0000000096a00000, 0x0000000096b00000, 0x0000000096b00000|100%| S|CS|TAMS 0x0000000096a00000| PB 0x0000000096a00000| Complete 
| 363|0x0000000096b00000, 0x0000000096bd7b00, 0x0000000096c00000| 84%| S|CS|TAMS 0x0000000096b00000| PB 0x0000000096b00000| Complete 
|1990|0x00000000fc600000, 0x00000000fc67c128, 0x00000000fc700000| 48%| O|  |TAMS 0x00000000fc600000| PB 0x00000000fc600000| Untracked 
|1991|0x00000000fc700000, 0x00000000fc800000, 0x00000000fc800000|100%| O|  |TAMS 0x00000000fc700000| PB 0x00000000fc700000| Untracked 
|1992|0x00000000fc800000, 0x00000000fc900000, 0x00000000fc900000|100%| O|  |TAMS 0x00000000fc800000| PB 0x00000000fc800000| Untracked 
|1993|0x00000000fc900000, 0x00000000fca00000, 0x00000000fca00000|100%| O|Cm|TAMS 0x00000000fc900000| PB 0x00000000fc900000| Complete 
|1994|0x00000000fca00000, 0x00000000fcb00000, 0x00000000fcb00000|100%| O|  |TAMS 0x00000000fca00000| PB 0x00000000fca00000| Untracked 
|1995|0x00000000fcb00000, 0x00000000fcc00000, 0x00000000fcc00000|100%| E|CS|TAMS 0x00000000fcb00000| PB 0x00000000fcb00000| Complete 
|1996|0x00000000fcc00000, 0x00000000fcd00000, 0x00000000fcd00000|100%| E|CS|TAMS 0x00000000fcc00000| PB 0x00000000fcc00000| Complete 
|1997|0x00000000fcd00000, 0x00000000fce00000, 0x00000000fce00000|100%| E|CS|TAMS 0x00000000fcd00000| PB 0x00000000fcd00000| Complete 
|1998|0x00000000fce00000, 0x00000000fcf00000, 0x00000000fcf00000|100%| E|CS|TAMS 0x00000000fce00000| PB 0x00000000fce00000| Complete 
|1999|0x00000000fcf00000, 0x00000000fd000000, 0x00000000fd000000|100%| E|CS|TAMS 0x00000000fcf00000| PB 0x00000000fcf00000| Complete 
|2000|0x00000000fd000000, 0x00000000fd100000, 0x00000000fd100000|100%| E|CS|TAMS 0x00000000fd000000| PB 0x00000000fd000000| Complete 
|2001|0x00000000fd100000, 0x00000000fd200000, 0x00000000fd200000|100%| E|CS|TAMS 0x00000000fd100000| PB 0x00000000fd100000| Complete 
|2002|0x00000000fd200000, 0x00000000fd300000, 0x00000000fd300000|100%| E|CS|TAMS 0x00000000fd200000| PB 0x00000000fd200000| Complete 
|2003|0x00000000fd300000, 0x00000000fd400000, 0x00000000fd400000|100%| E|CS|TAMS 0x00000000fd300000| PB 0x00000000fd300000| Complete 
|2004|0x00000000fd400000, 0x00000000fd500000, 0x00000000fd500000|100%| E|CS|TAMS 0x00000000fd400000| PB 0x00000000fd400000| Complete 
|2005|0x00000000fd500000, 0x00000000fd600000, 0x00000000fd600000|100%| E|CS|TAMS 0x00000000fd500000| PB 0x00000000fd500000| Complete 
|2006|0x00000000fd600000, 0x00000000fd700000, 0x00000000fd700000|100%| E|CS|TAMS 0x00000000fd600000| PB 0x00000000fd600000| Complete 
|2007|0x00000000fd700000, 0x00000000fd800000, 0x00000000fd800000|100%| E|CS|TAMS 0x00000000fd700000| PB 0x00000000fd700000| Complete 
|2008|0x00000000fd800000, 0x00000000fd900000, 0x00000000fd900000|100%| O|  |TAMS 0x00000000fd800000| PB 0x00000000fd800000| Untracked 
|2009|0x00000000fd900000, 0x00000000fda00000, 0x00000000fda00000|100%| O|Cm|TAMS 0x00000000fd900000| PB 0x00000000fd900000| Complete 
|2010|0x00000000fda00000, 0x00000000fdb00000, 0x00000000fdb00000|100%| O|  |TAMS 0x00000000fda00000| PB 0x00000000fda00000| Untracked 
|2011|0x00000000fdb00000, 0x00000000fdc00000, 0x00000000fdc00000|100%| O|  |TAMS 0x00000000fdb00000| PB 0x00000000fdb00000| Untracked 
|2012|0x00000000fdc00000, 0x00000000fdd00000, 0x00000000fdd00000|100%| O|  |TAMS 0x00000000fdc00000| PB 0x00000000fdc00000| Untracked 
|2013|0x00000000fdd00000, 0x00000000fde00000, 0x00000000fde00000|100%| E|CS|TAMS 0x00000000fdd00000| PB 0x00000000fdd00000| Complete 
|2014|0x00000000fde00000, 0x00000000fdf00000, 0x00000000fdf00000|100%| O|  |TAMS 0x00000000fde00000| PB 0x00000000fde00000| Untracked 
|2015|0x00000000fdf00000, 0x00000000fe000000, 0x00000000fe000000|100%| O|  |TAMS 0x00000000fdf00000| PB 0x00000000fdf00000| Untracked 
|2016|0x00000000fe000000, 0x00000000fe100000, 0x00000000fe100000|100%| O|  |TAMS 0x00000000fe000000| PB 0x00000000fe000000| Untracked 
|2017|0x00000000fe100000, 0x00000000fe200000, 0x00000000fe200000|100%| O|  |TAMS 0x00000000fe100000| PB 0x00000000fe100000| Untracked 
|2018|0x00000000fe200000, 0x00000000fe300000, 0x00000000fe300000|100%| O|  |TAMS 0x00000000fe200000| PB 0x00000000fe200000| Untracked 
|2019|0x00000000fe300000, 0x00000000fe400000, 0x00000000fe400000|100%| O|  |TAMS 0x00000000fe300000| PB 0x00000000fe300000| Untracked 
|2020|0x00000000fe400000, 0x00000000fe500000, 0x00000000fe500000|100%| O|  |TAMS 0x00000000fe400000| PB 0x00000000fe400000| Untracked 
|2021|0x00000000fe500000, 0x00000000fe600000, 0x00000000fe600000|100%| E|CS|TAMS 0x00000000fe500000| PB 0x00000000fe500000| Complete 
|2022|0x00000000fe600000, 0x00000000fe700000, 0x00000000fe700000|100%| E|CS|TAMS 0x00000000fe600000| PB 0x00000000fe600000| Complete 
|2023|0x00000000fe700000, 0x00000000fe800000, 0x00000000fe800000|100%| O|  |TAMS 0x00000000fe700000| PB 0x00000000fe700000| Untracked 
|2024|0x00000000fe800000, 0x00000000fe900000, 0x00000000fe900000|100%| O|  |TAMS 0x00000000fe800000| PB 0x00000000fe800000| Untracked 
|2025|0x00000000fe900000, 0x00000000fea00000, 0x00000000fea00000|100%| O|  |TAMS 0x00000000fe900000| PB 0x00000000fe900000| Untracked 
|2026|0x00000000fea00000, 0x00000000feb00000, 0x00000000feb00000|100%| E|CS|TAMS 0x00000000fea00000| PB 0x00000000fea00000| Complete 
|2027|0x00000000feb00000, 0x00000000fec00000, 0x00000000fec00000|100%| O|  |TAMS 0x00000000feb00000| PB 0x00000000feb00000| Untracked 
|2028|0x00000000fec00000, 0x00000000fed00000, 0x00000000fed00000|100%| O|  |TAMS 0x00000000fec00000| PB 0x00000000fec00000| Untracked 
|2029|0x00000000fed00000, 0x00000000fee00000, 0x00000000fee00000|100%| O|  |TAMS 0x00000000fed00000| PB 0x00000000fed00000| Untracked 
|2030|0x00000000fee00000, 0x00000000fef00000, 0x00000000fef00000|100%| E|CS|TAMS 0x00000000fee00000| PB 0x00000000fee00000| Complete 
|2031|0x00000000fef00000, 0x00000000ff000000, 0x00000000ff000000|100%| E|CS|TAMS 0x00000000fef00000| PB 0x00000000fef00000| Complete 
|2032|0x00000000ff000000, 0x00000000ff100000, 0x00000000ff100000|100%| E|CS|TAMS 0x00000000ff000000| PB 0x00000000ff000000| Complete 
|2033|0x00000000ff100000, 0x00000000ff200000, 0x00000000ff200000|100%| E|CS|TAMS 0x00000000ff100000| PB 0x00000000ff100000| Complete 
|2034|0x00000000ff200000, 0x00000000ff300000, 0x00000000ff300000|100%| E|CS|TAMS 0x00000000ff200000| PB 0x00000000ff200000| Complete 
|2035|0x00000000ff300000, 0x00000000ff400000, 0x00000000ff400000|100%| E|CS|TAMS 0x00000000ff300000| PB 0x00000000ff300000| Complete 
|2036|0x00000000ff400000, 0x00000000ff500000, 0x00000000ff500000|100%| E|CS|TAMS 0x00000000ff400000| PB 0x00000000ff400000| Complete 
|2037|0x00000000ff500000, 0x00000000ff600000, 0x00000000ff600000|100%| E|CS|TAMS 0x00000000ff500000| PB 0x00000000ff500000| Complete 
|2038|0x00000000ff600000, 0x00000000ff700000, 0x00000000ff700000|100%| E|CS|TAMS 0x00000000ff600000| PB 0x00000000ff600000| Complete 
|2039|0x00000000ff700000, 0x00000000ff800000, 0x00000000ff800000|100%| E|CS|TAMS 0x00000000ff700000| PB 0x00000000ff700000| Complete 
|2040|0x00000000ff800000, 0x00000000ff900000, 0x00000000ff900000|100%| E|CS|TAMS 0x00000000ff800000| PB 0x00000000ff800000| Complete 
|2041|0x00000000ff900000, 0x00000000ffa00000, 0x00000000ffa00000|100%| E|CS|TAMS 0x00000000ff900000| PB 0x00000000ff900000| Complete 
|2042|0x00000000ffa00000, 0x00000000ffb00000, 0x00000000ffb00000|100%| E|CS|TAMS 0x00000000ffa00000| PB 0x00000000ffa00000| Complete 
|2043|0x00000000ffb00000, 0x00000000ffc00000, 0x00000000ffc00000|100%| E|CS|TAMS 0x00000000ffb00000| PB 0x00000000ffb00000| Complete 
|2044|0x00000000ffc00000, 0x00000000ffd00000, 0x00000000ffd00000|100%| O|  |TAMS 0x00000000ffc00000| PB 0x00000000ffc00000| Untracked 
|2045|0x00000000ffd00000, 0x00000000ffe00000, 0x00000000ffe00000|100%| O|  |TAMS 0x00000000ffd00000| PB 0x00000000ffd00000| Untracked 
|2046|0x00000000ffe00000, 0x00000000fff00000, 0x00000000fff00000|100%| E|CS|TAMS 0x00000000ffe00000| PB 0x00000000ffe00000| Complete 
|2047|0x00000000fff00000, 0x0000000100000000, 0x0000000100000000|100%| O|Cm|TAMS 0x00000000fff00000| PB 0x00000000fff00000| Complete 

Card table byte_map: [0x000001c367cd0000,0x000001c3680d0000] _byte_map_base: 0x000001c3678d0000

Marking Bits: (CMBitMap*) 0x000001c354f43b80
 Bits: [0x000001c3680d0000, 0x000001c36a0d0000)

Polling page: 0x000001c352d30000

Metaspace:

Usage:
  Non-class:    212.94 MB used.
      Class:     32.82 MB used.
       Both:    245.76 MB used.

Virtual space:
  Non-class space:      256.00 MB reserved,     213.81 MB ( 84%) committed,  4 nodes.
      Class space:        1.00 GB reserved,      33.56 MB (  3%) committed,  1 nodes.
             Both:        1.25 GB reserved,     247.38 MB ( 19%) committed. 

Chunk freelists:
   Non-Class:  9.98 MB
       Class:  14.44 MB
        Both:  24.42 MB

MaxMetaspaceSize: unlimited
CompressedClassSpaceSize: 1.00 GB
Initial GC threshold: 21.00 MB
Current GC threshold: 406.88 MB
CDS: off
 - commit_granule_bytes: 65536.
 - commit_granule_words: 8192.
 - virtual_space_node_default_size: 8388608.
 - enlarge_chunks_in_place: 1.
 - use_allocation_guard: 0.


Internal statistics:

num_allocs_failed_limit: 6.
num_arena_births: 5894.
num_arena_deaths: 2746.
num_vsnodes_births: 5.
num_vsnodes_deaths: 0.
num_space_committed: 3945.
num_space_uncommitted: 0.
num_chunks_returned_to_freelist: 3195.
num_chunks_taken_from_freelist: 17226.
num_chunk_merges: 1172.
num_chunk_splits: 10966.
num_chunks_enlarged: 7673.
num_inconsistent_stats: 0.

CodeHeap 'non-profiled nmethods': size=119168Kb used=15686Kb max_used=15686Kb free=103481Kb
 bounds [0x000001c35fbf0000, 0x000001c360b50000, 0x000001c367050000]
CodeHeap 'profiled nmethods': size=119104Kb used=35742Kb max_used=38504Kb free=83361Kb
 bounds [0x000001c358050000, 0x000001c35a5f0000, 0x000001c35f4a0000]
CodeHeap 'non-nmethods': size=7488Kb used=4593Kb max_used=4676Kb free=2894Kb
 bounds [0x000001c35f4a0000, 0x000001c35f9a0000, 0x000001c35fbf0000]
CodeCache: size=245760Kb, used=56021Kb, max_used=58866Kb, free=189736Kb
 total_blobs=18683, nmethods=17313, adapters=1268, full_count=0
Compilation: enabled, stopped_count=0, restarted_count=0

Compilation events (20 events):
Event: 2473.803 Thread 0x000001c315656bb0 nmethod 38589 0x000001c35a43c090 code [0x000001c35a43c320, 0x000001c35a43ce28]
Event: 2473.803 Thread 0x000001c3153369e0 nmethod 38593 0x000001c35a43ba10 code [0x000001c35a43bbe0, 0x000001c35a43bf30]
Event: 2473.803 Thread 0x000001c36d20d2a0 nmethod 38592 0x000001c35a43b210 code [0x000001c35a43b400, 0x000001c35a43b830]
Event: 2473.803 Thread 0x000001c315335570 nmethod 38591 0x000001c35a43a610 code [0x000001c35a43a860, 0x000001c35a43af40]
Event: 2473.809 Thread 0x000001c315335570 38594       3       org.gradle.internal.component.external.model.AbstractVariantBackedConfigurationMetadata::getName (10 bytes)
Event: 2473.809 Thread 0x000001c36d20d2a0 38595       1       org.gradle.api.internal.artifacts.ivyservice.resolveengine.graph.conflicts.VersionConflictResolutionDetails::hashCode (5 bytes)
Event: 2473.809 Thread 0x000001c36d20d2a0 nmethod 38595 0x000001c360b36d90 code [0x000001c360b36f20, 0x000001c360b36fe8]
Event: 2473.810 Thread 0x000001c315335570 nmethod 38594 0x000001c35a43a190 code [0x000001c35a43a340, 0x000001c35a43a510]
Event: 2473.810 Thread 0x000001c36d1fc7f0 38596       4       org.gradle.api.internal.artifacts.dependencies.AbstractVersionConstraint::equals (105 bytes)
Event: 2473.813 Thread 0x000001c303baab40 38597       4       org.gradle.internal.model.CalculatedValueContainer::<init> (25 bytes)
Event: 2473.813 Thread 0x000001c36d20d2a0 38599       3       org.apache.commons.lang3.CharSequenceUtils::lastIndexOf (264 bytes)
Event: 2473.813 Thread 0x000001c3153369e0 38598       3       org.apache.commons.lang3.StringUtils::lastIndexOf (18 bytes)
Event: 2473.813 Thread 0x000001c3153369e0 nmethod 38598 0x000001c35a439c90 code [0x000001c35a439e60, 0x000001c35a43a0b8]
Event: 2473.813 Thread 0x000001c36d1fc7f0 nmethod 38596 0x000001c360b37090 code [0x000001c360b37280, 0x000001c360b37590]
Event: 2473.814 Thread 0x000001c3153369e0 38600       3       org.gradle.api.internal.artifacts.dsl.ArtifactFile::<init> (285 bytes)
Event: 2473.814 Thread 0x000001c315335570 38601       3       org.gradle.api.internal.artifacts.ivyservice.resolveengine.artifact.DefaultResolvedVariantSet::<init> (32 bytes)
Event: 2473.814 Thread 0x000001c36d20d2a0 nmethod 38599 0x000001c35a437510 code [0x000001c35a437900, 0x000001c35a439788]
Event: 2473.814 Thread 0x000001c315335570 nmethod 38601 0x000001c35a436f90 code [0x000001c35a437140, 0x000001c35a437470]
Event: 2473.816 Thread 0x000001c3153369e0 nmethod 38600 0x000001c35a434290 code [0x000001c35a4346e0, 0x000001c35a4364c8]
Event: 2473.820 Thread 0x000001c303baab40 nmethod 38597 0x000001c360b37910 code [0x000001c360b37ae0, 0x000001c360b38448]

GC Heap History (20 events):
Event: 2324.096 GC heap before
{Heap before GC invocations=97 (full 0):
 garbage-first heap   total 419840K, used 347818K [0x0000000080000000, 0x0000000100000000)
  region size 1024K, 103 young (105472K), 8 survivors (8192K)
 Metaspace       used 219231K, committed 220928K, reserved 1245184K
  class space    used 28295K, committed 29056K, reserved 1048576K
}
Event: 2324.100 GC heap after
{Heap after GC invocations=98 (full 0):
 garbage-first heap   total 419840K, used 245843K [0x0000000080000000, 0x0000000100000000)
  region size 1024K, 2 young (2048K), 2 survivors (2048K)
 Metaspace       used 219231K, committed 220928K, reserved 1245184K
  class space    used 28295K, committed 29056K, reserved 1048576K
}
Event: 2324.592 GC heap before
{Heap before GC invocations=98 (full 0):
 garbage-first heap   total 419840K, used 375891K [0x0000000080000000, 0x0000000100000000)
  region size 1024K, 130 young (133120K), 2 survivors (2048K)
 Metaspace       used 220318K, committed 221952K, reserved 1245184K
  class space    used 28438K, committed 29184K, reserved 1048576K
}
Event: 2324.597 GC heap after
{Heap after GC invocations=99 (full 0):
 garbage-first heap   total 419840K, used 215104K [0x0000000080000000, 0x0000000100000000)
  region size 1024K, 3 young (3072K), 3 survivors (3072K)
 Metaspace       used 220318K, committed 221952K, reserved 1245184K
  class space    used 28438K, committed 29184K, reserved 1048576K
}
Event: 2325.072 GC heap before
{Heap before GC invocations=99 (full 0):
 garbage-first heap   total 419840K, used 283712K [0x0000000080000000, 0x0000000100000000)
  region size 1024K, 72 young (73728K), 3 survivors (3072K)
 Metaspace       used 220906K, committed 222528K, reserved 1245184K
  class space    used 28518K, committed 29248K, reserved 1048576K
}
Event: 2325.078 GC heap after
{Heap after GC invocations=100 (full 0):
 garbage-first heap   total 419840K, used 221165K [0x0000000080000000, 0x0000000100000000)
  region size 1024K, 9 young (9216K), 9 survivors (9216K)
 Metaspace       used 220906K, committed 222528K, reserved 1245184K
  class space    used 28518K, committed 29248K, reserved 1048576K
}
Event: 2328.264 GC heap before
{Heap before GC invocations=101 (full 0):
 garbage-first heap   total 419840K, used 373741K [0x0000000080000000, 0x0000000100000000)
  region size 1024K, 161 young (164864K), 9 survivors (9216K)
 Metaspace       used 222901K, committed 224576K, reserved 1245184K
  class space    used 28781K, committed 29568K, reserved 1048576K
}
Event: 2328.272 GC heap after
{Heap after GC invocations=102 (full 0):
 garbage-first heap   total 419840K, used 214710K [0x0000000080000000, 0x0000000100000000)
  region size 1024K, 7 young (7168K), 7 survivors (7168K)
 Metaspace       used 222901K, committed 224576K, reserved 1245184K
  class space    used 28781K, committed 29568K, reserved 1048576K
}
Event: 2329.429 GC heap before
{Heap before GC invocations=102 (full 0):
 garbage-first heap   total 419840K, used 379574K [0x0000000080000000, 0x0000000100000000)
  region size 1024K, 168 young (172032K), 7 survivors (7168K)
 Metaspace       used 224724K, committed 226368K, reserved 1310720K
  class space    used 29070K, committed 29824K, reserved 1048576K
}
Event: 2329.442 GC heap after
{Heap after GC invocations=103 (full 0):
 garbage-first heap   total 419840K, used 210993K [0x0000000080000000, 0x0000000100000000)
  region size 1024K, 12 young (12288K), 12 survivors (12288K)
 Metaspace       used 224724K, committed 226368K, reserved 1310720K
  class space    used 29070K, committed 29824K, reserved 1048576K
}
Event: 2335.488 GC heap before
{Heap before GC invocations=103 (full 0):
 garbage-first heap   total 419840K, used 386097K [0x0000000080000000, 0x0000000100000000)
  region size 1024K, 184 young (188416K), 12 survivors (12288K)
 Metaspace       used 226626K, committed 228352K, reserved 1310720K
  class space    used 29279K, committed 30080K, reserved 1048576K
}
Event: 2335.498 GC heap after
{Heap after GC invocations=104 (full 0):
 garbage-first heap   total 419840K, used 214508K [0x0000000080000000, 0x0000000100000000)
  region size 1024K, 15 young (15360K), 15 survivors (15360K)
 Metaspace       used 226626K, committed 228352K, reserved 1310720K
  class space    used 29279K, committed 30080K, reserved 1048576K
}
Event: 2353.645 GC heap before
{Heap before GC invocations=105 (full 0):
 garbage-first heap   total 419840K, used 388588K [0x0000000080000000, 0x0000000100000000)
  region size 1024K, 186 young (190464K), 15 survivors (15360K)
 Metaspace       used 226944K, committed 228608K, reserved 1310720K
  class space    used 29309K, committed 30080K, reserved 1048576K
}
Event: 2353.661 GC heap after
{Heap after GC invocations=106 (full 0):
 garbage-first heap   total 419840K, used 217930K [0x0000000080000000, 0x0000000100000000)
  region size 1024K, 13 young (13312K), 13 survivors (13312K)
 Metaspace       used 226944K, committed 228608K, reserved 1310720K
  class space    used 29309K, committed 30080K, reserved 1048576K
}
Event: 2355.778 GC heap before
{Heap before GC invocations=106 (full 0):
 garbage-first heap   total 419840K, used 394058K [0x0000000080000000, 0x0000000100000000)
  region size 1024K, 184 young (188416K), 13 survivors (13312K)
 Metaspace       used 243134K, committed 244864K, reserved 1310720K
  class space    used 32112K, committed 32896K, reserved 1048576K
}
Event: 2355.791 GC heap after
{Heap after GC invocations=107 (full 0):
 garbage-first heap   total 425984K, used 224885K [0x0000000080000000, 0x0000000100000000)
  region size 1024K, 20 young (20480K), 20 survivors (20480K)
 Metaspace       used 243134K, committed 244864K, reserved 1310720K
  class space    used 32112K, committed 32896K, reserved 1048576K
}
Event: 2356.093 GC heap before
{Heap before GC invocations=107 (full 0):
 garbage-first heap   total 425984K, used 286325K [0x0000000080000000, 0x0000000100000000)
  region size 1024K, 82 young (83968K), 20 survivors (20480K)
 Metaspace       used 248163K, committed 249920K, reserved 1310720K
  class space    used 33045K, committed 33856K, reserved 1048576K
}
Event: 2356.103 GC heap after
{Heap after GC invocations=108 (full 0):
 garbage-first heap   total 425984K, used 229372K [0x0000000080000000, 0x0000000100000000)
  region size 1024K, 17 young (17408K), 17 survivors (17408K)
 Metaspace       used 248163K, committed 249920K, reserved 1310720K
  class space    used 33045K, committed 33856K, reserved 1048576K
}
Event: 2422.341 GC heap before
{Heap before GC invocations=109 (full 0):
 garbage-first heap   total 425984K, used 424956K [0x0000000080000000, 0x0000000100000000)
  region size 1024K, 171 young (175104K), 17 survivors (17408K)
 Metaspace       used 251276K, committed 253056K, reserved 1310720K
  class space    used 33590K, committed 34368K, reserved 1048576K
}
Event: 2422.354 GC heap after
{Heap after GC invocations=110 (full 0):
 garbage-first heap   total 432128K, used 217423K [0x0000000080000000, 0x0000000100000000)
  region size 1024K, 3 young (3072K), 3 survivors (3072K)
 Metaspace       used 251276K, committed 253056K, reserved 1310720K
  class space    used 33590K, committed 34368K, reserved 1048576K
}

Dll operation events (3 events):
Event: 0.049 Loaded shared library D:\Android Studio\jbr\bin\java.dll
Event: 0.055 Loaded shared library D:\Android Studio\jbr\bin\zip.dll
Event: 0.807 Loaded shared library D:\Android Studio\jbr\bin\verify.dll

Deoptimization events (20 events):
Event: 2473.611 Thread 0x000001c315de1d70 Uncommon trap: trap_request=0xffffffde fr.pc=0x000001c36079fe78 relative=0x0000000000003518
Event: 2473.611 Thread 0x000001c315de1d70 Uncommon trap: reason=class_check action=maybe_recompile pc=0x000001c36079fe78 method=com.android.ide.common.resources.NodeUtils.duplicateNode(Lorg/w3c/dom/Document;Lorg/w3c/dom/Node;)Lorg/w3c/dom/Node; @ 1 c2
Event: 2473.611 Thread 0x000001c315de1d70 DEOPT PACKING pc=0x000001c36079fe78 sp=0x0000000f58ffafb0
Event: 2473.611 Thread 0x000001c315de1d70 DEOPT UNPACKING pc=0x000001c35f4f7aa2 sp=0x0000000f58ffafb0 mode 2
Event: 2473.818 Thread 0x000001c3161f51d0 Uncommon trap: trap_request=0xffffff45 fr.pc=0x000001c3606874a8 relative=0x0000000000004808
Event: 2473.818 Thread 0x000001c3161f51d0 Uncommon trap: reason=unstable_if action=reinterpret pc=0x000001c3606874a8 method=org.gradle.internal.operations.DefaultBuildOperationRunner.assertParentRunning(Ljava/lang/String;Lorg/gradle/internal/operations/BuildOperationDescriptor;Lorg/gradle/interna
Event: 2473.819 Thread 0x000001c3161f51d0 DEOPT PACKING pc=0x000001c3606874a8 sp=0x0000000f5a2fead0
Event: 2473.819 Thread 0x000001c3161f51d0 DEOPT UNPACKING pc=0x000001c35f4f7aa2 sp=0x0000000f5a2fea08 mode 2
Event: 2473.819 Thread 0x000001c3161f3e20 Uncommon trap: trap_request=0xffffff45 fr.pc=0x000001c35fd90e04 relative=0x0000000000000064
Event: 2473.819 Thread 0x000001c3161f3e20 Uncommon trap: reason=unstable_if action=reinterpret pc=0x000001c35fd90e04 method=org.gradle.internal.operations.DefaultBuildOperationRunner.assertParentRunning(Ljava/lang/String;Lorg/gradle/internal/operations/BuildOperationDescriptor;Lorg/gradle/interna
Event: 2473.819 Thread 0x000001c3161f3e20 DEOPT PACKING pc=0x000001c35fd90e04 sp=0x0000000f5a1fec50
Event: 2473.819 Thread 0x000001c3161f3e20 DEOPT UNPACKING pc=0x000001c35f4f7aa2 sp=0x0000000f5a1febe0 mode 2
Event: 2473.819 Thread 0x000001c31608e5d0 Uncommon trap: trap_request=0xffffff45 fr.pc=0x000001c3606874d8 relative=0x0000000000004838
Event: 2473.819 Thread 0x000001c31608e5d0 Uncommon trap: reason=unstable_if action=reinterpret pc=0x000001c3606874d8 method=org.gradle.internal.operations.DefaultBuildOperationRunner.assertParentRunning(Ljava/lang/String;Lorg/gradle/internal/operations/BuildOperationDescriptor;Lorg/gradle/interna
Event: 2473.819 Thread 0x000001c31608e5d0 DEOPT PACKING pc=0x000001c3606874d8 sp=0x0000000f59ffed40
Event: 2473.819 Thread 0x000001c31608e5d0 DEOPT UNPACKING pc=0x000001c35f4f7aa2 sp=0x0000000f59ffea60 mode 2
Event: 2473.820 Thread 0x000001c3161f2a70 Uncommon trap: trap_request=0xffffff45 fr.pc=0x000001c3606874d8 relative=0x0000000000004838
Event: 2473.820 Thread 0x000001c3161f2a70 Uncommon trap: reason=unstable_if action=reinterpret pc=0x000001c3606874d8 method=org.gradle.internal.operations.DefaultBuildOperationRunner.assertParentRunning(Ljava/lang/String;Lorg/gradle/internal/operations/BuildOperationDescriptor;Lorg/gradle/interna
Event: 2473.820 Thread 0x000001c3161f2a70 DEOPT PACKING pc=0x000001c3606874d8 sp=0x0000000f5a0feba0
Event: 2473.820 Thread 0x000001c3161f2a70 DEOPT UNPACKING pc=0x000001c35f4f7aa2 sp=0x0000000f5a0fe8c0 mode 2

Classes loaded (20 events):
Event: 2356.972 Loading class java/security/KeyStore$Entry done
Event: 2356.972 Loading class java/security/KeyStore$PrivateKeyEntry done
Event: 2357.083 Loading class java/util/concurrent/ForkJoinTask$AdaptedInterruptibleCallable
Event: 2357.084 Loading class java/util/concurrent/ForkJoinTask$InterruptibleTask
Event: 2357.084 Loading class java/util/concurrent/ForkJoinTask$InterruptibleTask done
Event: 2357.084 Loading class java/util/concurrent/ForkJoinTask$AdaptedInterruptibleCallable done
Event: 2357.084 Loading class java/util/concurrent/ForkJoinPool$DefaultForkJoinWorkerThreadFactory$1
Event: 2357.085 Loading class java/util/concurrent/ForkJoinPool$DefaultForkJoinWorkerThreadFactory$1 done
Event: 2357.139 Loading class java/util/concurrent/CountedCompleter
Event: 2357.139 Loading class java/util/concurrent/CountedCompleter done
Event: 2358.089 Loading class java/nio/BufferOverflowException
Event: 2358.089 Loading class java/nio/BufferOverflowException done
Event: 2358.094 Loading class java/security/DigestException
Event: 2358.094 Loading class java/security/DigestException done
Event: 2358.116 Loading class java/util/concurrent/ForkJoinTask$AdaptedInterruptibleRunnable
Event: 2358.117 Loading class java/util/concurrent/ForkJoinTask$AdaptedInterruptibleRunnable done
Event: 2358.164 Loading class sun/security/rsa/RSACore$BlindingParameters
Event: 2358.164 Loading class sun/security/rsa/RSACore$BlindingParameters done
Event: 2358.165 Loading class sun/security/rsa/RSACore$BlindingRandomPair
Event: 2358.165 Loading class sun/security/rsa/RSACore$BlindingRandomPair done

Classes unloaded (20 events):
Event: 2307.852 Thread 0x000001c36d156180 Unloading class 0x0000000101a52000 'jdk/internal/reflect/GeneratedSerializationConstructorAccessor158'
Event: 2307.852 Thread 0x000001c36d156180 Unloading class 0x0000000101a51c00 'jdk/internal/reflect/GeneratedSerializationConstructorAccessor157'
Event: 2307.852 Thread 0x000001c36d156180 Unloading class 0x0000000101a51800 'jdk/internal/reflect/GeneratedSerializationConstructorAccessor156'
Event: 2307.852 Thread 0x000001c36d156180 Unloading class 0x0000000101a51400 'jdk/internal/reflect/GeneratedSerializationConstructorAccessor155'
Event: 2307.852 Thread 0x000001c36d156180 Unloading class 0x0000000101a51000 'jdk/internal/reflect/GeneratedSerializationConstructorAccessor154'
Event: 2307.852 Thread 0x000001c36d156180 Unloading class 0x0000000101a50c00 'jdk/internal/reflect/GeneratedSerializationConstructorAccessor153'
Event: 2307.852 Thread 0x000001c36d156180 Unloading class 0x0000000101a50800 'jdk/internal/reflect/GeneratedSerializationConstructorAccessor152'
Event: 2307.852 Thread 0x000001c36d156180 Unloading class 0x0000000101a50400 'jdk/internal/reflect/GeneratedSerializationConstructorAccessor151'
Event: 2307.852 Thread 0x000001c36d156180 Unloading class 0x0000000101a50000 'jdk/internal/reflect/GeneratedSerializationConstructorAccessor150'
Event: 2307.852 Thread 0x000001c36d156180 Unloading class 0x0000000101a18000 'jdk/internal/reflect/GeneratedSerializationConstructorAccessor149'
Event: 2307.852 Thread 0x000001c36d156180 Unloading class 0x0000000101a15c00 'jdk/internal/reflect/GeneratedSerializationConstructorAccessor148'
Event: 2307.852 Thread 0x000001c36d156180 Unloading class 0x0000000101a15800 'jdk/internal/reflect/GeneratedSerializationConstructorAccessor147'
Event: 2307.852 Thread 0x000001c36d156180 Unloading class 0x0000000101a15400 'jdk/internal/reflect/GeneratedSerializationConstructorAccessor146'
Event: 2307.852 Thread 0x000001c36d156180 Unloading class 0x0000000101a15000 'jdk/internal/reflect/GeneratedSerializationConstructorAccessor145'
Event: 2307.852 Thread 0x000001c36d156180 Unloading class 0x0000000101a14c00 'jdk/internal/reflect/GeneratedSerializationConstructorAccessor144'
Event: 2307.852 Thread 0x000001c36d156180 Unloading class 0x0000000101a14800 'jdk/internal/reflect/GeneratedSerializationConstructorAccessor143'
Event: 2307.852 Thread 0x000001c36d156180 Unloading class 0x0000000101a14400 'jdk/internal/reflect/GeneratedSerializationConstructorAccessor142'
Event: 2307.852 Thread 0x000001c36d156180 Unloading class 0x0000000101a14000 'jdk/internal/reflect/GeneratedSerializationConstructorAccessor141'
Event: 2307.852 Thread 0x000001c36d156180 Unloading class 0x00000001016a4000 'java/lang/invoke/LambdaForm$MH+0x00000001016a4000'
Event: 2307.852 Thread 0x000001c36d156180 Unloading class 0x0000000100184800 'java/lang/invoke/LambdaForm$MH+0x0000000100184800'

Classes redefined (0 events):
No events

Internal exceptions (20 events):
Event: 2473.767 Thread 0x000001c315de1d70 Exception <a 'sun/nio/fs/WindowsException'{0x000000008f6631e0}> (0x000000008f6631e0) 
thrown [s\src\hotspot\share\prims\jni.cpp, line 537]
Event: 2473.769 Thread 0x000001c315de1d70 Exception <a 'sun/nio/fs/WindowsException'{0x000000008f671ae8}> (0x000000008f671ae8) 
thrown [s\src\hotspot\share\prims\jni.cpp, line 537]
Event: 2473.770 Thread 0x000001c315de1d70 Exception <a 'sun/nio/fs/WindowsException'{0x000000008f683c60}> (0x000000008f683c60) 
thrown [s\src\hotspot\share\prims\jni.cpp, line 537]
Event: 2473.772 Thread 0x000001c315de1d70 Exception <a 'sun/nio/fs/WindowsException'{0x000000008f6914e0}> (0x000000008f6914e0) 
thrown [s\src\hotspot\share\prims\jni.cpp, line 537]
Event: 2473.775 Thread 0x000001c315de1d70 Exception <a 'sun/nio/fs/WindowsException'{0x000000008f6a7570}> (0x000000008f6a7570) 
thrown [s\src\hotspot\share\prims\jni.cpp, line 537]
Event: 2473.777 Thread 0x000001c315de1d70 Exception <a 'sun/nio/fs/WindowsException'{0x000000008f6b71e0}> (0x000000008f6b71e0) 
thrown [s\src\hotspot\share\prims\jni.cpp, line 537]
Event: 2473.779 Thread 0x000001c315de1d70 Exception <a 'sun/nio/fs/WindowsException'{0x000000008f6ce088}> (0x000000008f6ce088) 
thrown [s\src\hotspot\share\prims\jni.cpp, line 537]
Event: 2473.780 Thread 0x000001c315de1d70 Exception <a 'sun/nio/fs/WindowsException'{0x000000008f6e4f40}> (0x000000008f6e4f40) 
thrown [s\src\hotspot\share\prims\jni.cpp, line 537]
Event: 2473.782 Thread 0x000001c315de1d70 Exception <a 'sun/nio/fs/WindowsException'{0x000000008f6fc430}> (0x000000008f6fc430) 
thrown [s\src\hotspot\share\prims\jni.cpp, line 537]
Event: 2473.784 Thread 0x000001c315de1d70 Exception <a 'sun/nio/fs/WindowsException'{0x000000008f5181f8}> (0x000000008f5181f8) 
thrown [s\src\hotspot\share\prims\jni.cpp, line 537]
Event: 2473.786 Thread 0x000001c315de1d70 Exception <a 'sun/nio/fs/WindowsException'{0x000000008f523cf8}> (0x000000008f523cf8) 
thrown [s\src\hotspot\share\prims\jni.cpp, line 537]
Event: 2473.787 Thread 0x000001c315de1d70 Exception <a 'sun/nio/fs/WindowsException'{0x000000008f537f10}> (0x000000008f537f10) 
thrown [s\src\hotspot\share\prims\jni.cpp, line 537]
Event: 2473.790 Thread 0x000001c315de1d70 Exception <a 'sun/nio/fs/WindowsException'{0x000000008f5574f0}> (0x000000008f5574f0) 
thrown [s\src\hotspot\share\prims\jni.cpp, line 537]
Event: 2473.792 Thread 0x000001c315de1d70 Exception <a 'sun/nio/fs/WindowsException'{0x000000008f568b70}> (0x000000008f568b70) 
thrown [s\src\hotspot\share\prims\jni.cpp, line 537]
Event: 2473.797 Thread 0x000001c315de1d70 Exception <a 'sun/nio/fs/WindowsException'{0x000000008f5c1c58}> (0x000000008f5c1c58) 
thrown [s\src\hotspot\share\prims\jni.cpp, line 537]
Event: 2473.798 Thread 0x000001c315de1d70 Exception <a 'sun/nio/fs/WindowsException'{0x000000008f5cd9a8}> (0x000000008f5cd9a8) 
thrown [s\src\hotspot\share\prims\jni.cpp, line 537]
Event: 2473.801 Thread 0x000001c315de1d70 Exception <a 'sun/nio/fs/WindowsException'{0x000000008f424ef0}> (0x000000008f424ef0) 
thrown [s\src\hotspot\share\prims\jni.cpp, line 537]
Event: 2473.804 Thread 0x000001c315de1d70 Exception <a 'sun/nio/fs/WindowsException'{0x000000008f4468a0}> (0x000000008f4468a0) 
thrown [s\src\hotspot\share\prims\jni.cpp, line 537]
Event: 2473.806 Thread 0x000001c315de1d70 Exception <a 'sun/nio/fs/WindowsException'{0x000000008f453d68}> (0x000000008f453d68) 
thrown [s\src\hotspot\share\prims\jni.cpp, line 537]
Event: 2473.818 Thread 0x000001c315de1d70 Exception <a 'java/lang/OutOfMemoryError'{0x000000008f4ece50}: unable to create native thread: possibly out of memory or process/resource limits reached> (0x000000008f4ece50) 
thrown [s\src\hotspot\share\prims\jvm.cpp, line 3032]

ZGC Phase Switch (0 events):
No events

VM Operations (20 events):
Event: 2424.353 Executing VM operation: Cleanup
Event: 2424.353 Executing VM operation: Cleanup done
Event: 2452.371 Executing VM operation: Cleanup
Event: 2452.371 Executing VM operation: Cleanup done
Event: 2472.371 Executing VM operation: HandshakeAllThreads (Deoptimize)
Event: 2472.371 Executing VM operation: HandshakeAllThreads (Deoptimize) done
Event: 2472.762 Executing VM operation: ICBufferFull
Event: 2472.762 Executing VM operation: ICBufferFull done
Event: 2472.905 Executing VM operation: ICBufferFull
Event: 2472.905 Executing VM operation: ICBufferFull done
Event: 2473.045 Executing VM operation: ICBufferFull
Event: 2473.045 Executing VM operation: ICBufferFull done
Event: 2473.119 Executing VM operation: ICBufferFull
Event: 2473.119 Executing VM operation: ICBufferFull done
Event: 2473.302 Executing VM operation: ICBufferFull
Event: 2473.302 Executing VM operation: ICBufferFull done
Event: 2473.397 Executing VM operation: ICBufferFull
Event: 2473.397 Executing VM operation: ICBufferFull done
Event: 2473.522 Executing VM operation: ICBufferFull
Event: 2473.523 Executing VM operation: ICBufferFull done

Memory protections (0 events):
No events

Nmethod flushes (20 events):
Event: 2356.213 Thread 0x000001c36d156180 flushing  nmethod 0x000001c35885e390
Event: 2356.213 Thread 0x000001c36d156180 flushing  nmethod 0x000001c3589a0f90
Event: 2356.213 Thread 0x000001c36d156180 flushing  nmethod 0x000001c358c94490
Event: 2356.213 Thread 0x000001c36d156180 flushing  nmethod 0x000001c358c9c110
Event: 2356.213 Thread 0x000001c36d156180 flushing  nmethod 0x000001c358ed4910
Event: 2356.213 Thread 0x000001c36d156180 flushing  nmethod 0x000001c3592cae90
Event: 2356.213 Thread 0x000001c36d156180 flushing  nmethod 0x000001c3592cc910
Event: 2356.213 Thread 0x000001c36d156180 flushing  nmethod 0x000001c3595d7790
Event: 2356.213 Thread 0x000001c36d156180 flushing  nmethod 0x000001c3595d8490
Event: 2356.213 Thread 0x000001c36d156180 flushing  nmethod 0x000001c35983dc10
Event: 2356.213 Thread 0x000001c36d156180 flushing  nmethod 0x000001c359e01c90
Event: 2356.213 Thread 0x000001c36d156180 flushing  nmethod 0x000001c359e03c10
Event: 2356.213 Thread 0x000001c36d156180 flushing  nmethod 0x000001c359e65990
Event: 2356.213 Thread 0x000001c36d156180 flushing  nmethod 0x000001c359f1c410
Event: 2356.213 Thread 0x000001c36d156180 flushing  nmethod 0x000001c359f20a90
Event: 2356.213 Thread 0x000001c36d156180 flushing  nmethod 0x000001c35a049290
Event: 2356.213 Thread 0x000001c36d156180 flushing  nmethod 0x000001c35a0f9610
Event: 2356.213 Thread 0x000001c36d156180 flushing  nmethod 0x000001c35a170010
Event: 2356.213 Thread 0x000001c36d156180 flushing  nmethod 0x000001c35a2aac90
Event: 2356.213 Thread 0x000001c36d156180 flushing  nmethod 0x000001c35a2c5690

Events (20 events):
Event: 2473.534 Thread 0x000001c316ce6da0 Thread added: 0x000001c315de1d70
Event: 2473.535 Thread 0x000001c316ce6da0 Thread added: 0x000001c315de16e0
Event: 2473.535 Thread 0x000001c316ce6da0 Thread added: 0x000001c315de2400
Event: 2473.535 Thread 0x000001c316ce6da0 Thread added: 0x000001c31608ec60
Event: 2473.535 Thread 0x000001c316ce6da0 Thread added: 0x000001c31608f2f0
Event: 2473.535 Thread 0x000001c316ce6da0 Thread added: 0x000001c31608be70
Event: 2473.535 Thread 0x000001c316ce6da0 Thread added: 0x000001c31608c500
Event: 2473.535 Thread 0x000001c316ce6da0 Thread added: 0x000001c31608cb90
Event: 2473.535 Thread 0x000001c316ce6da0 Thread added: 0x000001c31608d220
Event: 2473.535 Thread 0x000001c316ce6da0 Thread added: 0x000001c31608d8b0
Event: 2473.535 Thread 0x000001c316ce6da0 Thread added: 0x000001c31608df40
Event: 2473.536 Thread 0x000001c316ce6da0 Thread added: 0x000001c31387c310
Event: 2473.536 Thread 0x000001c316ce6da0 Thread added: 0x000001c315292510
Event: 2473.536 Thread 0x000001c316ce6da0 Thread added: 0x000001c315290440
Event: 2473.536 Thread 0x000001c316ce6da0 Thread added: 0x000001c315292ba0
Event: 2473.537 Thread 0x000001c315de1d70 Thread added: 0x000001c315a36960
Event: 2473.815 Thread 0x000001c315de1d70 Thread added: 0x000001c31608e5d0
Event: 2473.815 Thread 0x000001c315de1d70 Thread added: 0x000001c3161f2a70
Event: 2473.816 Thread 0x000001c315de1d70 Thread added: 0x000001c3161f3e20
Event: 2473.816 Thread 0x000001c315de1d70 Thread added: 0x000001c3161f51d0


Dynamic libraries:
0x00007ff67ef70000 - 0x00007ff67ef7a000 	D:\Android Studio\jbr\bin\java.exe
0x00007ffd491e0000 - 0x00007ffd49448000 	C:\WINDOWS\SYSTEM32\ntdll.dll
0x00007ffd48c50000 - 0x00007ffd48d19000 	C:\WINDOWS\System32\KERNEL32.DLL
0x00007ffd463a0000 - 0x00007ffd46792000 	C:\WINDOWS\System32\KERNELBASE.dll
0x00007ffd468f0000 - 0x00007ffd46a3b000 	C:\WINDOWS\System32\ucrtbase.dll
0x00007ffd380c0000 - 0x00007ffd380db000 	D:\Android Studio\jbr\bin\VCRUNTIME140.dll
0x00007ffd411f0000 - 0x00007ffd41208000 	D:\Android Studio\jbr\bin\jli.dll
0x00007ffd47f80000 - 0x00007ffd48145000 	C:\WINDOWS\System32\USER32.dll
0x00007ffd33640000 - 0x00007ffd338d3000 	C:\WINDOWS\WinSxS\amd64_microsoft.windows.common-controls_6595b64144ccf1df_6.0.26100.6899_none_3e0efeeae32e88c1\COMCTL32.dll
0x00007ffd46370000 - 0x00007ffd46397000 	C:\WINDOWS\System32\win32u.dll
0x00007ffd490f0000 - 0x00007ffd49199000 	C:\WINDOWS\System32\msvcrt.dll
0x00007ffd48d20000 - 0x00007ffd48d4b000 	C:\WINDOWS\System32\GDI32.dll
0x00007ffd46bc0000 - 0x00007ffd46ced000 	C:\WINDOWS\System32\gdi32full.dll
0x00007ffd46840000 - 0x00007ffd468e3000 	C:\WINDOWS\System32\msvcp_win.dll
0x00007ffd48680000 - 0x00007ffd486af000 	C:\WINDOWS\System32\IMM32.DLL
0x00007ffd3b450000 - 0x00007ffd3b45c000 	D:\Android Studio\jbr\bin\vcruntime140_1.dll
0x00007ffd17f30000 - 0x00007ffd17fbd000 	D:\Android Studio\jbr\bin\msvcp140.dll
0x00007ffc9c510000 - 0x00007ffc9d1a6000 	D:\Android Studio\jbr\bin\server\jvm.dll
0x00007ffd48e50000 - 0x00007ffd48f04000 	C:\WINDOWS\System32\ADVAPI32.dll
0x00007ffd47b50000 - 0x00007ffd47bf6000 	C:\WINDOWS\System32\sechost.dll
0x00007ffd48490000 - 0x00007ffd485a8000 	C:\WINDOWS\System32\RPCRT4.dll
0x00007ffd48210000 - 0x00007ffd48284000 	C:\WINDOWS\System32\WS2_32.dll
0x00007ffd46120000 - 0x00007ffd4617e000 	C:\WINDOWS\SYSTEM32\POWRPROF.dll
0x00007ffd3c190000 - 0x00007ffd3c1c5000 	C:\WINDOWS\SYSTEM32\WINMM.dll
0x00007ffd3bf50000 - 0x00007ffd3bf5b000 	C:\WINDOWS\SYSTEM32\VERSION.dll
0x00007ffd46100000 - 0x00007ffd46114000 	C:\WINDOWS\SYSTEM32\UMPDC.dll
0x00007ffd45140000 - 0x00007ffd4515b000 	C:\WINDOWS\SYSTEM32\kernel.appcore.dll
0x00007ffd3b430000 - 0x00007ffd3b43a000 	D:\Android Studio\jbr\bin\jimage.dll
0x00007ffd38a50000 - 0x00007ffd38c92000 	C:\WINDOWS\SYSTEM32\DBGHELP.DLL
0x00007ffd47c00000 - 0x00007ffd47f7b000 	C:\WINDOWS\System32\combase.dll
0x00007ffd47a40000 - 0x00007ffd47b17000 	C:\WINDOWS\System32\OLEAUT32.dll
0x00007ffd2bfa0000 - 0x00007ffd2bfdc000 	C:\WINDOWS\SYSTEM32\dbgcore.DLL
0x00007ffd467a0000 - 0x00007ffd46838000 	C:\WINDOWS\System32\bcryptPrimitives.dll
0x00007ffd17f20000 - 0x00007ffd17f2e000 	D:\Android Studio\jbr\bin\instrument.dll
0x00007ffd380a0000 - 0x00007ffd380c0000 	D:\Android Studio\jbr\bin\java.dll
0x00007ffd38080000 - 0x00007ffd38098000 	D:\Android Studio\jbr\bin\zip.dll
0x00007ffd472f0000 - 0x00007ffd47a3d000 	C:\WINDOWS\System32\SHELL32.dll
0x00007ffd46d80000 - 0x00007ffd46eeb000 	C:\WINDOWS\System32\wintypes.dll
0x00007ffd43f90000 - 0x00007ffd447ed000 	C:\WINDOWS\SYSTEM32\windows.storage.dll
0x00007ffd48b50000 - 0x00007ffd48c42000 	C:\WINDOWS\System32\SHCORE.dll
0x00007ffd48dd0000 - 0x00007ffd48e32000 	C:\WINDOWS\System32\shlwapi.dll
0x00007ffd46290000 - 0x00007ffd462b9000 	C:\WINDOWS\SYSTEM32\profapi.dll
0x00007ffd38070000 - 0x00007ffd38080000 	D:\Android Studio\jbr\bin\net.dll
0x00007ffd3c6e0000 - 0x00007ffd3c7ff000 	C:\WINDOWS\SYSTEM32\WINHTTP.dll
0x00007ffd456b0000 - 0x00007ffd4571b000 	C:\WINDOWS\system32\mswsock.dll
0x00007ffd33900000 - 0x00007ffd33916000 	D:\Android Studio\jbr\bin\nio.dll
0x00007ffd41210000 - 0x00007ffd41220000 	D:\Android Studio\jbr\bin\verify.dll
0x00007ffd32590000 - 0x00007ffd325b7000 	C:\Users\User\.gradle\native\660c5614fbf4a5f2a75b1949f50a0caf5cd603558e7d8a26e50b933a0cfb79d1\windows-amd64\native-platform.dll
0x00007ffd17ea0000 - 0x00007ffd17f17000 	C:\Users\User\.gradle\native\0.2.8\x86_64-windows-gnu\gradle-fileevents.dll
0x00007ffd32d50000 - 0x00007ffd32d59000 	D:\Android Studio\jbr\bin\management.dll
0x00007ffd31870000 - 0x00007ffd3187b000 	D:\Android Studio\jbr\bin\management_ext.dll
0x00007ffd48e40000 - 0x00007ffd48e48000 	C:\WINDOWS\System32\PSAPI.DLL
0x00007ffd44bd0000 - 0x00007ffd44c04000 	C:\WINDOWS\SYSTEM32\IPHLPAPI.DLL
0x00007ffd48670000 - 0x00007ffd4867a000 	C:\WINDOWS\System32\NSI.dll
0x00007ffd338f0000 - 0x00007ffd338f9000 	D:\Android Studio\jbr\bin\extnet.dll
0x00007ffd45960000 - 0x00007ffd4597b000 	C:\WINDOWS\SYSTEM32\CRYPTSP.dll
0x00007ffd450a0000 - 0x00007ffd450db000 	C:\WINDOWS\system32\rsaenh.dll
0x00007ffd45750000 - 0x00007ffd4577b000 	C:\WINDOWS\SYSTEM32\USERENV.dll
0x00007ffd46260000 - 0x00007ffd46286000 	C:\WINDOWS\SYSTEM32\bcrypt.dll
0x00007ffd45980000 - 0x00007ffd4598c000 	C:\WINDOWS\SYSTEM32\CRYPTBASE.dll
0x00007ffca6370000 - 0x00007ffca6378000 	C:\WINDOWS\system32\wshunix.dll
0x00007ffd45260000 - 0x00007ffd45296000 	C:\WINDOWS\SYSTEM32\ntmarta.dll
0x00007ffd44c10000 - 0x00007ffd44d36000 	C:\WINDOWS\SYSTEM32\DNSAPI.dll
0x00007ffd3bf60000 - 0x00007ffd3bf6b000 	C:\Windows\System32\rasadhlp.dll
0x00007ffd40060000 - 0x00007ffd400e6000 	C:\WINDOWS\System32\fwpuclnt.dll
0x00007ffd0e260000 - 0x00007ffd0e267000 	D:\Android Studio\jbr\bin\rmi.dll
0x00007ffd433f0000 - 0x00007ffd4348f000 	C:\WINDOWS\system32\apphelp.dll

JVMTI agents:
C:\Users\User\.gradle\wrapper\dists\gradle-9.2.1-bin\2t0n5ozlw9xmuyvbp7dnzaxug\gradle-9.2.1\lib\agents\gradle-instrumentation-agent-9.2.1.jar path:D:\Android Studio\jbr\bin\instrument.dll, loaded, initialized, instrumentlib options:none

dbghelp: loaded successfully - version: 4.0.5 - missing functions: none
symbol engine: initialized successfully - sym options: 0x614 - pdb path: .;D:\Android Studio\jbr\bin;C:\WINDOWS\SYSTEM32;C:\WINDOWS\WinSxS\amd64_microsoft.windows.common-controls_6595b64144ccf1df_6.0.26100.6899_none_3e0efeeae32e88c1;D:\Android Studio\jbr\bin\server;C:\Users\User\.gradle\native\660c5614fbf4a5f2a75b1949f50a0caf5cd603558e7d8a26e50b933a0cfb79d1\windows-amd64;C:\Users\User\.gradle\native\0.2.8\x86_64-windows-gnu

VM Arguments:
jvm_args: --add-opens=java.base/java.lang=ALL-UNNAMED --add-opens=java.base/java.lang.invoke=ALL-UNNAMED --add-opens=java.base/java.util=ALL-UNNAMED --add-opens=java.prefs/java.util.prefs=ALL-UNNAMED --add-exports=jdk.compiler/com.sun.tools.javac.api=ALL-UNNAMED --add-exports=jdk.compiler/com.sun.tools.javac.util=ALL-UNNAMED --add-opens=java.base/java.util=ALL-UNNAMED --add-opens=java.prefs/java.util.prefs=ALL-UNNAMED --add-opens=java.base/java.nio.charset=ALL-UNNAMED --add-opens=java.base/java.net=ALL-UNNAMED --add-opens=java.base/java.util.concurrent=ALL-UNNAMED --add-opens=java.base/java.util.concurrent.atomic=ALL-UNNAMED --add-opens=java.xml/javax.xml.namespace=ALL-UNNAMED --add-opens=java.base/java.time=ALL-UNNAMED -Xmx2048m -Dfile.encoding=UTF-8 -Duser.country=US -Duser.language=en -Duser.variant -javaagent:C:\Users\User\.gradle\wrapper\dists\gradle-9.2.1-bin\2t0n5ozlw9xmuyvbp7dnzaxug\gradle-9.2.1\lib\agents\gradle-instrumentation-agent-9.2.1.jar 
java_command: org.gradle.launcher.daemon.bootstrap.GradleDaemon 9.2.1
java_class_path (initial): C:\Users\User\.gradle\wrapper\dists\gradle-9.2.1-bin\2t0n5ozlw9xmuyvbp7dnzaxug\gradle-9.2.1\lib\gradle-daemon-main-9.2.1.jar
Launcher Type: SUN_STANDARD

[Global flags]
     intx CICompilerCount                          = 12                                        {product} {ergonomic}
     uint ConcGCThreads                            = 3                                         {product} {ergonomic}
     uint G1ConcRefinementThreads                  = 13                                        {product} {ergonomic}
   size_t G1HeapRegionSize                         = 1048576                                   {product} {ergonomic}
    uintx GCDrainStackTargetSize                   = 64                                        {product} {ergonomic}
   size_t InitialHeapSize                          = 216006656                                 {product} {ergonomic}
   size_t MarkStackSize                            = 4194304                                   {product} {ergonomic}
   size_t MaxHeapSize                              = 2147483648                                {product} {command line}
   size_t MaxNewSize                               = 1287651328                                {product} {ergonomic}
   size_t MinHeapDeltaBytes                        = 1048576                                   {product} {ergonomic}
   size_t MinHeapSize                              = 8388608                                   {product} {ergonomic}
    uintx NonNMethodCodeHeapSize                   = 7602480                                {pd product} {ergonomic}
    uintx NonProfiledCodeHeapSize                  = 122027880                              {pd product} {ergonomic}
    uintx ProfiledCodeHeapSize                     = 122027880                              {pd product} {ergonomic}
    uintx ReservedCodeCacheSize                    = 251658240                              {pd product} {ergonomic}
     bool SegmentedCodeCache                       = true                                      {product} {ergonomic}
   size_t SoftMaxHeapSize                          = 2147483648                             {manageable} {ergonomic}
     bool UseCompressedOops                        = true                           {product lp64_product} {ergonomic}
     bool UseG1GC                                  = true                                      {product} {ergonomic}
     bool UseLargePagesIndividualAllocation        = false                                  {pd product} {ergonomic}

Logging:
Log output configuration:
 #0: stdout all=warning uptime,level,tags foldmultilines=false
 #1: stderr all=off uptime,level,tags foldmultilines=false

Release file:
JAVA_VERSION="21.0.9" 
MODULES="java.base java.compiler java.datatransfer java.xml java.prefs java.desktop java.instrument java.logging java.management java.security.sasl java.naming java.rmi java.management.rmi java.net.http java.scripting java.security.jgss java.transaction.xa java.sql java.sql.rowset java.xml.crypto java.se java.smartcardio jdk.accessibility jdk.internal.jvmstat jdk.attach jdk.charsets jdk.internal.opt jdk.zipfs jdk.compiler jdk.crypto.ec jdk.crypto.cryptoki jdk.dynalink jdk.hotspot.agent jdk.httpserver jdk.internal.ed jdk.internal.le jdk.internal.vm.ci jdk.jartool jdk.javadoc jdk.jcmd jdk.jdeps jdk.jdwp.agent jdk.jdi jdk.jfr jdk.jlink jdk.jsobject jdk.localedata jdk.management jdk.management.agent jdk.management.jfr jdk.naming.dns jdk.naming.rmi jdk.net jdk.sctp jdk.security.auth jdk.security.jgss jdk.unsupported jdk.unsupported.desktop jdk.xml.dom" 
IMPLEMENTOR="JetBrains s.r.o." 
JAVA_RUNTIME_VERSION="21.0.9+-14649483-b1163.86" 
LIBC="default" 
OS_ARCH="x86_64" 
OS_NAME="Windows" 
SOURCE=".:git:554d0c326095" 

Environment Variables:
PATH=C:\Users\User\Python 3.13\Scripts\;C:\Users\User\Python 3.13\;c:\Users\User\AppData\Local\Programs\cursor\resources\app\bin;C:\Program Files\Common Files\Oracle\Java\javapath;C:\WINDOWS\system32;C:\WINDOWS;C:\WINDOWS\System32\Wbem;C:\WINDOWS\System32\WindowsPowerShell\v1.0\;C:\WINDOWS\System32\OpenSSH\;C:\Program Files (x86)\ATI Technologies\ATI.ACE\Core-Static;C:\Program Files\Go\bin;C:\Program Files\Git\cmd;C:\Users\User\AppData\Local\Microsoft\WindowsApps;C:\Users\User\go\bin;C:\Users\User\AppData\Local\Programs\cursor\resources\app\bin;c:\Users\User\AppData\Local\Programs\cursor\resources\app\bin;C:\Program Files\nodejs\;C:\Program Files\dotnet\;C:\xampp\php;C:\ProgramData\ComposerSetup\bin;C:\Users\User\AppData\Local\Programs\Python\Launcher\;C:\Program Files\MySQL\MySQL Shell 8.0\bin\;C:\Users\User\flutter\bin;C:\Users\User\AppData\Local\Microsoft\WindowsApps;C:\Users\User\AppData\Local\Programs\Microsoft VS Code\bin;C:\Users\User\go\bin;C:\Program Files\JetBrains\IntelliJ IDEA Community Edition 2025.1\bin;;C:\Users\User\AppData\Roaming\npm;C:\Users\User\AppData\Roaming\Composer\vendor\bin
USERNAME=User
OS=Windows_NT
PROCESSOR_IDENTIFIER=AMD64 Family 25 Model 117 Stepping 2, AuthenticAMD
TMP=C:\Users\User\AppData\Local\Temp
TEMP=C:\Users\User\AppData\Local\Temp




Periodic native trim disabled

JNI global refs:
JNI global refs: 42, weak refs: 2

JNI global refs memory usage: 835, weak refs: 833

Process memory usage:
Resident Set Size: 918324K (6% of 13433852K total physical memory with 907248K free physical memory)

OOME stack traces (most recent first):
Classloader memory used:
